year,Argentina,Australia,Austria,Barbados,Belgium,Bolivia (Plurinational State of),Botswana,Brazil,Burkina Faso,Cameroon,Canada,Chad,Chile,China,"China, Hong Kong SAR",Colombia,Costa Rica,Cyprus,CÃ´te d'Ivoire,Denmark,Dominican Republic,Ecuador,Egypt,Finland,France,Gabon,Germany,Greece,Guatemala,Iceland,India,Indonesia,Iran (Islamic Republic of),Ireland,Israel,Italy,Jamaica,Japan,Jordan,Kenya,Luxembourg,Malaysia,Malta,Mauritius,Mexico,Morocco,Mozambique,Namibia,Netherlands,New Zealand,Niger,Nigeria,Norway,Paraguay,Peru,Philippines,Portugal,Republic of Korea,Romania,Rwanda,Senegal,Singapore,South Africa,Spain,Sri Lanka,Sweden,Switzerland,Taiwan,Thailand,Trinidad and Tobago,Tunisia,Turkey,U.R. of Tanzania: Mainland,United Kingdom,United States,Uruguay,Venezuela (Bolivarian Republic of),Zambia,Zimbabwe
1960-01-01,0.3098781704902649,0.03723759949207306,0.09371878206729889,0.11270201206207275,0.07753297686576843,0.2035146802663803,0.3360309302806854,0.23527054488658905,0.2791907787322998,0.1985098123550415,0.0344906821846962,0.6831738948822021,0.07857424765825272,0.15654879808425903,0.22036053240299225,0.15254171192646027,0.21190673112869263,0.10659098625183105,0.4350295960903168,0.08599013090133667,0.12833181023597717,0.2822709381580353,0.42010682821273804,0.07482963055372238,0.0879538431763649,0.08540951460599899,0.10095277428627014,0.16777299344539642,0.23874399065971375,0.05808250978589058,0.16364403069019318,0.18861757218837738,0.14037740230560303,0.19601693749427795,0.10441744327545166,0.1462104618549347,0.05851226672530174,0.11620497703552246,0.23287899792194366,0.07984955608844757,0.18455472588539124,0.2591727077960968,0.2589201033115387,0.15016062557697296,0.3282298445701599,0.20647716522216797,0.5608531832695007,0.27689749002456665,0.054641541093587875,0.09021466970443726,0.14828264713287354,0.009999999776482582,0.06402259320020676,0.19416509568691254,0.06742893159389496,0.22362831234931946,0.14953991770744324,0.05896711349487305,0.16833579540252686,0.1590525358915329,0.19257742166519165,0.3256543278694153,0.1314464658498764,0.11703518033027649,0.3843376040458679,0.08370944857597351,0.050104014575481415,0.1287097930908203,0.17039869725704193,0.14581383764743805,0.10869822651147842,0.4245353639125824,0.17605172097682953,0.1648556888103485,0.08048303425312042,0.03268219903111458,0.09475604444742203,0.05486668273806572,0.20921581983566284
1961-01-01,0.2423398196697235,0.04355116933584213,0.0915551483631134,0.10752018541097641,0.07731819897890091,0.22325414419174194,0.35928696393966675,0.21669577062129974,0.3512389659881592,0.1872406154870987,0.03800829127430916,0.6010896563529968,0.11672891676425934,0.12207496166229248,0.22056475281715393,0.15687812864780426,0.1949770301580429,0.11163732409477234,0.3860790431499481,0.08918296545743942,0.15834872424602509,0.2705184519290924,0.4194377660751343,0.07702668011188507,0.08489266037940979,0.08583377301692963,0.09318487346172333,0.1688033491373062,0.23904858529567719,0.06676061451435089,0.1492501050233841,0.21192766726016998,0.15054023265838623,0.20133918523788452,0.10753320157527924,0.14738671481609344,0.05460222810506821,0.11262637376785278,0.22197633981704712,0.062279220670461655,0.16999715566635132,0.23011115193367004,0.2661500573158264,0.17280958592891693,0.3421654999256134,0.20447450876235962,0.5355513691902161,0.25524380803108215,0.054117362946271896,0.09056387841701508,0.16229967772960663,0.009999999776482582,0.06733901798725128,0.19308041036128998,0.06722850352525711,0.22319991886615753,0.14320038259029388,0.06918121129274368,0.17841264605522156,0.13570889830589294,0.20627987384796143,0.34129610657691956,0.1322988122701645,0.12612515687942505,0.370602548122406,0.0805971622467041,0.049142856150865555,0.1308976262807846,0.17282892763614655,0.14900022745132446,0.1273643672466278,0.42479631304740906,0.18053847551345825,0.163911372423172,0.0817769318819046,0.03076217509806156,0.08963726460933685,0.05025837570428848,0.22868786752223969
1962-01-01,0.27526992559432983,0.0455097034573555,0.09118635207414627,0.11862947046756744,0.07724608480930328,0.24432891607284546,0.3858957886695862,0.2426692545413971,0.38799262046813965,0.1764696091413498,0.03952736407518387,0.6069130897521973,0.1265483796596527,0.12220272421836853,0.2264762967824936,0.15513354539871216,0.19801025092601776,0.11649197340011597,0.3562600910663605,0.09025387465953827,0.1676567643880844,0.2721741497516632,0.4255821406841278,0.07139312475919724,0.080782949924469,0.08116081357002258,0.08634135872125626,0.14044377207756042,0.24173761904239655,0.0577133409678936,0.14535978436470032,0.3793499767780304,0.14801235496997833,0.19636128842830658,0.09826181828975677,0.14697279036045074,0.05276750400662422,0.11883528530597687,0.23485685884952545,0.05998354032635689,0.13639307022094727,0.22209304571151733,0.23783856630325317,0.16566140949726105,0.34012967348098755,0.2401873618364334,0.5545006394386292,0.26736560463905334,0.05793765187263489,0.09668748080730438,0.18137779831886292,0.009999999776482582,0.0684041827917099,0.1914958357810974,0.06555050611495972,0.22006654739379883,0.14008201658725739,0.06438898295164108,0.18095724284648895,0.13883043825626373,0.21319912374019623,0.39406681060791016,0.12916938960552216,0.12545228004455566,0.364132821559906,0.07488632202148438,0.04834526777267456,0.1373608261346817,0.16719165444374084,0.13835838437080383,0.11567237973213196,0.44722238183021545,0.197841614484787,0.16371825337409973,0.08684141933917999,0.02474980056285858,0.09813959151506424,0.05091926082968712,0.21401028335094452
1963-01-01,0.2565374970436096,0.050862036645412445,0.09053470194339752,0.10940656810998917,0.07503281533718109,0.21511583030223846,0.3902561664581299,0.20801104605197906,0.35716596245765686,0.22561119496822357,0.03946094587445259,0.5246536135673523,0.23446032404899597,0.12638546526432037,0.22750121355056763,0.14871543645858765,0.19957657158374786,0.1132577583193779,0.3547334671020508,0.08858874440193176,0.1570100337266922,0.26494067907333374,0.4351886510848999,0.07135198265314102,0.07913507521152496,0.08260951191186905,0.08165030181407928,0.158940389752388,0.25686946511268616,0.06676165014505386,0.14721117913722992,0.1814504861831665,0.14611536264419556,0.19682247936725616,0.10444967448711395,0.1465325802564621,0.05906018987298012,0.1214442327618599,0.21080440282821655,0.09021665900945663,0.1357015073299408,0.2297886461019516,0.21613548696041107,0.20826871693134308,0.329166054725647,0.26298201084136963,0.542339026927948,0.26523256301879883,0.05850563570857048,0.09995865821838379,0.20902183651924133,0.009999999776482582,0.06540635973215103,0.23468627035617828,0.06794209778308868,0.22645621001720428,0.1341553032398224,0.10799522697925568,0.1838832050561905,0.10935896635055542,0.22280631959438324,0.35523998737335205,0.13118383288383484,0.1268261820077896,0.3799755871295929,0.07299599051475525,0.04639766737818718,0.15040680766105652,0.16085174679756165,0.1408892571926117,0.12869109213352203,0.4633669853210449,0.2043919414281845,0.159048929810524,0.08933533728122711,0.019647154957056046,0.10415069013834,0.04942820966243744,0.2686569094657898
1964-01-01,0.2565658986568451,0.045994967222213745,0.09536845237016678,0.10202517360448837,0.07655099779367447,0.22314104437828064,0.3909996747970581,0.22743117809295654,0.3274739682674408,0.22578908503055573,0.03949258476495743,0.46678414940834045,0.18889120221138,0.1519513577222824,0.20292077958583832,0.16418160498142242,0.20107534527778625,0.12134276330471039,0.3453295826911926,0.09416823834180832,0.15313826501369476,0.2702217102050781,0.4440957307815552,0.073666051030159,0.07999517023563385,0.08286762982606888,0.07948534190654755,0.14428095519542694,0.23493999242782593,0.07543683052062988,0.15331760048866272,0.13083314895629883,0.12626269459724426,0.19388793408870697,0.10571718961000443,0.13922590017318726,0.06315439939498901,0.12364891916513443,0.2393077313899994,0.06962079554796219,0.12830480933189392,0.2261042296886444,0.21628758311271667,0.13693751394748688,0.36222562193870544,0.2721872925758362,0.527686595916748,0.28229209780693054,0.056044504046440125,0.10000915080308914,0.2014189511537552,0.009999999776482582,0.07315841317176819,0.180425226688385,0.0761149600148201,0.21771647036075592,0.13600385189056396,0.10461131483316422,0.181127667427063,0.08082762360572815,0.23621994256973267,0.34935927391052246,0.13227754831314087,0.12414031475782394,0.38966548442840576,0.07648295909166336,0.046369556337594986,0.15859997272491455,0.161271870136261,0.13815684616565704,0.12763336300849915,0.453501433134079,0.2271645963191986,0.16017191112041473,0.09274064004421234,0.02090740203857422,0.10807431489229202,0.060143087059259415,0.2668479084968567
1965-01-01,0.2399953305721283,0.040198687463998795,0.08989501744508743,0.12354429066181183,0.07727474719285965,0.1718263179063797,0.09579788893461227,0.21543121337890625,0.5343582034111023,0.1997704654932022,0.038831885904073715,0.47121453285217285,0.15838856995105743,0.17086541652679443,0.209135502576828,0.151494100689888,0.20856361091136932,0.12567390501499176,0.2807537913322449,0.09517304599285126,0.16269439458847046,0.2663661241531372,0.43837451934814453,0.07206110656261444,0.0796692967414856,0.07590312510728836,0.07666317373514175,0.14758867025375366,0.2204837054014206,0.07939600199460983,0.13773615658283234,0.2772615849971771,0.12667715549468994,0.18080320954322815,0.11351322382688522,0.14231368899345398,0.07053522020578384,0.12795095145702362,0.23840901255607605,0.06760702282190323,0.12656208872795105,0.24060675501823425,0.2096954733133316,0.1319366693496704,0.3429192006587982,0.28105854988098145,0.5009686350822449,0.2814314067363739,0.059975504875183105,0.09641440212726593,0.2316594421863556,0.009999999776482582,0.0743558257818222,0.21903109550476074,0.08529039472341537,0.2180270552635193,0.13859719038009644,0.09480282664299011,0.1868569701910019,0.08227438479661942,0.24123084545135498,0.3336705267429352,0.12815599143505096,0.12428970634937286,0.3973221778869629,0.07351824641227722,0.04642961546778679,0.15733672678470612,0.16381573677062988,0.12874580919742584,0.10741795599460602,0.4381547272205353,0.21151165664196014,0.1578897088766098,0.09651495516300201,0.019626110792160034,0.1059880182147026,0.08813583105802536,0.28919047117233276
1966-01-01,0.24335859715938568,0.04179755225777626,0.08933166414499283,0.09638446569442749,0.07598593831062317,0.15407586097717285,0.2522185444831848,0.22174550592899323,0.569298267364502,0.21301233768463135,0.03850075230002403,0.43545353412628174,0.1850699931383133,0.17029206454753876,0.21151641011238098,0.1380223035812378,0.2105981558561325,0.1345658153295517,0.2681531608104706,0.09517843276262283,0.1432986557483673,0.23207558691501617,0.4201505184173584,0.06968816369771957,0.08016595244407654,0.08556512743234634,0.07597098499536514,0.15332846343517303,0.23017141222953796,0.07817662507295609,0.11549773067235947,0.4923020899295807,0.11704348027706146,0.18711748719215393,0.14621546864509583,0.14766159653663635,0.07020271569490433,0.12785041332244873,0.21659287810325623,0.07712212949991226,0.1198347955942154,0.2419987916946411,0.22035974264144897,0.12772859632968903,0.3607305586338043,0.26753729581832886,0.4785515069961548,0.26786914467811584,0.05983826890587807,0.09896926581859589,0.22977373003959656,0.009999999776482582,0.07472067326307297,0.21233169734477997,0.09665151685476303,0.21832743287086487,0.13629238307476044,0.10802578181028366,0.18426527082920074,0.08601454645395279,0.17830400168895721,0.3802810609340668,0.12791839241981506,0.12728020548820496,0.38610759377479553,0.06674394011497498,0.04666168615221977,0.15203425288200378,0.16322454810142517,0.12653857469558716,0.11243751645088196,0.446180135011673,0.2130579799413681,0.15316571295261383,0.09692953526973724,0.01897546462714672,0.09101659804582596,0.0706041008234024,0.28366100788116455
1967-01-01,0.23345547914505005,0.044200435280799866,0.09096578508615494,0.1111922562122345,0.074738048017025,0.18288250267505646,0.25190597772598267,0.24470442533493042,0.5146492719650269,0.16663327813148499,0.03684484586119652,0.4104330241680145,0.16991376876831055,0.15800312161445618,0.23433572053909302,0.15262989699840546,0.20778390765190125,0.13653545081615448,0.25141140818595886,0.09681053459644318,0.16248399019241333,0.22153252363204956,0.4174644649028778,0.06953532248735428,0.08094362914562225,0.05557042732834816,0.07453448325395584,0.15779824554920197,0.21925026178359985,0.06786438822746277,0.11883855611085892,0.20571474730968475,0.11204689741134644,0.19857972860336304,0.158104807138443,0.15205912292003632,0.07158558070659637,0.1237921193242073,0.2644776999950409,0.07043842226266861,0.13692568242549896,0.2362370640039444,0.2196006327867508,0.11906842142343521,0.33153557777404785,0.27245020866394043,0.49972689151763916,0.2316921055316925,0.06184905022382736,0.08636539429426193,0.22775216400623322,0.009999999776482582,0.0828639417886734,0.22458772361278534,0.09142803400754929,0.21287812292575836,0.1220543384552002,0.10880371928215027,0.19280479848384857,0.09170538187026978,0.11016334593296051,0.4074413478374481,0.13065233826637268,0.12336931377649307,0.3759426176548004,0.06873396784067154,0.04776856675744057,0.14909285306930542,0.15600468218326569,0.12657609581947327,0.10869936645030975,0.4272625744342804,0.1910533607006073,0.15075473487377167,0.09172699600458145,0.016929257661104202,0.09207519143819809,0.0710681825876236,0.30194342136383057
1968-01-01,0.236826553940773,0.047439176589250565,0.0930461436510086,0.11451428383588791,0.07613679021596909,0.1486063450574875,0.28194594383239746,0.24431821703910828,0.5095922946929932,0.16215108335018158,0.039731044322252274,0.39475616812705994,0.1807139366865158,0.1423283964395523,0.2575609087944031,0.145639106631279,0.20941583812236786,0.13591089844703674,0.2651364803314209,0.09929484874010086,0.1588677614927292,0.20689895749092102,0.4421180188655853,0.06859695911407471,0.07944617420434952,0.03981058672070503,0.07346706837415695,0.15260356664657593,0.22457383573055267,0.04888017475605011,0.11821609735488892,0.2644304931163788,0.10422445833683014,0.19423244893550873,0.0739116445183754,0.15395903587341309,0.07005460560321808,0.12656712532043457,0.3532533347606659,0.10212475806474686,0.1375792920589447,0.23261886835098267,0.22448647022247314,0.11447781324386597,0.3614542782306671,0.19448934495449066,0.505223274230957,0.21585161983966827,0.06430704891681671,0.07575762271881104,0.21659396588802338,0.009999999776482582,0.08818940073251724,0.20496392250061035,0.08130978792905807,0.2107354998588562,0.1258840262889862,0.11312375962734222,0.18810155987739563,0.09703509509563446,0.14433610439300537,0.42311573028564453,0.1238977462053299,0.12374988198280334,0.392135888338089,0.06563431024551392,0.049069613218307495,0.14528118073940277,0.14270511269569397,0.1277906745672226,0.11520382016897202,0.41948607563972473,0.19077663123607635,0.14854013919830322,0.09061000496149063,0.020419886335730553,0.09988351911306381,0.0693887323141098,0.29607582092285156
1969-01-01,0.24984031915664673,0.051334675401449203,0.09609770029783249,0.1061868965625763,0.0779457688331604,0.14158256351947784,0.10596324503421783,0.25857287645339966,0.508282482624054,0.1918870359659195,0.04050395265221596,0.39483946561813354,0.19521315395832062,0.15854643285274506,0.2642016112804413,0.14700965583324432,0.2036346048116684,0.1350109875202179,0.2616046071052551,0.09954243898391724,0.16525796055793762,0.18944846093654633,0.4444534480571747,0.07271874696016312,0.08400599658489227,0.04360354319214821,0.07272358983755112,0.15398657321929932,0.21783679723739624,0.04903201013803482,0.11428651958703995,0.22815413773059845,0.09265447407960892,0.18530036509037018,0.10129141062498093,0.15054747462272644,0.07284072786569595,0.1268891841173172,0.3129104673862457,0.10175350308418274,0.15287034213542938,0.24717704951763153,0.22552035748958588,0.12766164541244507,0.302533894777298,0.2997840344905853,0.4959160089492798,0.21071316301822662,0.0561981126666069,0.08628915250301361,0.215230330824852,0.009999999776482582,0.08561097085475922,0.20810043811798096,0.08776012808084488,0.21402056515216827,0.12740135192871094,0.08987989276647568,0.18526847660541534,0.10939577221870422,0.1243869811296463,0.359290212392807,0.12925377488136292,0.12180104106664658,0.3757830560207367,0.06871858239173889,0.04996850714087486,0.138273224234581,0.1442912369966507,0.11287758499383926,0.11635331809520721,0.41222354769706726,0.18092113733291626,0.14444343745708466,0.08455629646778107,0.030773116275668144,0.09286580234766006,0.09521512687206268,0.36051660776138306
1970-01-01,0.22939789295196533,0.04695514217019081,0.09343418478965759,0.10880009084939957,0.07584148645401001,0.13185662031173706,0.2171785682439804,0.2633286714553833,0.47379422187805176,0.1491774022579193,0.03930432349443436,0.3860587179660797,0.19274407625198364,0.1668577641248703,0.21044009923934937,0.14899839460849762,0.20679302513599396,0.12127743661403656,0.24019648134708405,0.0943627804517746,0.17348918318748474,0.1814109981060028,0.531430184841156,0.06820861995220184,0.08319013565778732,0.06188769266009331,0.06931491941213608,0.1546187698841095,0.2213786095380783,0.053170934319496155,0.10735320299863815,0.2462221086025238,0.09716767817735672,0.1795431226491928,0.1121867299079895,0.14870841801166534,0.08448874205350876,0.12441691011190414,0.30738022923469543,0.09825322031974792,0.14016592502593994,0.23991867899894714,0.2103245109319687,0.1187807247042656,0.2530372142791748,0.2414436638355255,0.4428611099720001,0.19509316980838776,0.05375911667943001,0.0762651190161705,0.22967849671840668,0.009999999776482582,0.08124317973852158,0.21900808811187744,0.09875136613845825,0.20434603095054626,0.12627063691616058,0.10155379772186279,0.19398406147956848,0.11281203478574753,0.11614155769348145,0.30244410037994385,0.13217252492904663,0.11714406311511993,0.39970695972442627,0.07490416616201401,0.04263804480433464,0.14595721662044525,0.16469542682170868,0.10741464793682098,0.137797549366951,0.41382625699043274,0.16451291739940643,0.14047886431217194,0.07881078124046326,0.18898119032382965,0.10953857004642487,0.11717075109481812,0.399204283952713
1971-01-01,0.23219595849514008,0.044910985976457596,0.09104800969362259,0.09735115617513657,0.07114800810813904,0.13302657008171082,0.20401296019554138,0.2619190812110901,0.36819741129875183,0.1041325107216835,0.03640754520893097,0.39422786235809326,0.190631702542305,0.15523137152194977,0.1977548450231552,0.1502266228199005,0.19177936017513275,0.12639406323432922,0.21422497928142548,0.09223184734582901,0.2204684019088745,0.17899002134799957,0.4844253957271576,0.06007447466254234,0.0813392773270607,0.06191493943333626,0.06579868495464325,0.15424330532550812,0.21319490671157837,0.060856256633996964,0.10160714387893677,0.24187223613262177,0.11012144386768341,0.1751198023557663,0.11586762964725494,0.14102061092853546,0.07996470481157303,0.11633539944887161,0.27424952387809753,0.09717173129320145,0.11526612192392349,0.2701830565929413,0.2309824526309967,0.12516342103481293,0.25850769877433777,0.21726486086845398,0.4306798279285431,0.18357796967029572,0.0503159798681736,0.08971793204545975,0.1576756238937378,0.009999999776482582,0.08108434081077576,0.23604872822761536,0.0829252377152443,0.21333901584148407,0.11818525195121765,0.1145133301615715,0.20305156707763672,0.12562724947929382,0.11746717244386673,0.2724217474460602,0.12320404499769211,0.11621125787496567,0.39091479778289795,0.06609158962965012,0.04035232216119766,0.14205704629421234,0.1445636749267578,0.06617995351552963,0.15149487555027008,0.38532933592796326,0.14826196432113647,0.13592176139354706,0.08060131967067719,0.17388388514518738,0.10081810504198074,0.1076313778758049,0.42112472653388977
1972-01-01,0.22255615890026093,0.047501567751169205,0.08386804908514023,0.09812528640031815,0.07348877936601639,0.1282183825969696,0.19592152535915375,0.2727794945240021,0.3633829951286316,0.09194926172494888,0.03497185930609703,0.36260318756103516,0.15201140940189362,0.1374490112066269,0.21097257733345032,0.15305308997631073,0.19083835184574127,0.1242997869849205,0.19671884179115295,0.0914311334490776,0.17227685451507568,0.14411218464374542,0.4725041389465332,0.05878778547048569,0.077984519302845,0.044229887425899506,0.06474457681179047,0.15171866118907928,0.20857445895671844,0.05941331014037132,0.09348297119140625,0.21401400864124298,0.1016206368803978,0.17673148214817047,0.11901043355464935,0.13787618279457092,0.0796673595905304,0.11225054413080215,0.2663906216621399,0.1701880246400833,0.12147918343544006,0.2432478815317154,0.2765488922595978,0.1362634003162384,0.2518118619918823,0.2045612782239914,0.41054487228393555,0.1682380884885788,0.04839164763689041,0.08903767168521881,0.2478305548429489,0.009999999776482582,0.07955893129110336,0.26089468598365784,0.045395925641059875,0.21640880405902863,0.109333835542202,0.1318301260471344,0.20575840771198273,0.21883650124073029,0.12196183949708939,0.24804794788360596,0.1125171110033989,0.11852549761533737,0.40683990716934204,0.0683482214808464,0.038567107170820236,0.1408648043870926,0.13235022127628326,0.04409943148493767,0.15896716713905334,0.4177038073539734,0.14268788695335388,0.13157880306243896,0.07902336120605469,0.17386668920516968,0.0879337266087532,0.12554432451725006,0.4607575833797455
1973-01-01,0.2217082530260086,0.04044560343027115,0.08403509855270386,0.09057596325874329,0.07354774326086044,0.1104843020439148,0.18835894763469696,0.29872697591781616,0.31272441148757935,0.1091272383928299,0.036904845386743546,0.2686309814453125,0.1397482305765152,0.13002438843250275,0.22366492450237274,0.16116806864738464,0.18348443508148193,0.07682710140943527,0.2013026773929596,0.09106472879648209,0.19090498983860016,0.10999803245067596,0.49252715706825256,0.057482294738292694,0.07805883139371872,0.10761307924985886,0.06453919410705566,0.14270667731761932,0.20589688420295715,0.06324516236782074,0.09044727683067322,0.23929943144321442,0.11012070626020432,0.17793753743171692,0.10417316108942032,0.12605692446231842,0.07176409661769867,0.09982433170080185,0.2375260591506958,0.17159847915172577,0.134640634059906,0.24322868883609772,0.3158375024795532,0.14527922868728638,0.2620666027069092,0.19283607602119446,0.39263662695884705,0.1593702733516693,0.050856687128543854,0.0916246771812439,0.18869468569755554,0.009999999776482582,0.08037103712558746,0.26716703176498413,0.041996557265520096,0.22674238681793213,0.11140551418066025,0.14561842381954193,0.2118852585554123,0.24530866742134094,0.11054925620555878,0.24241898953914642,0.11403436958789825,0.11448740214109421,0.39334678649902344,0.07525119930505753,0.0375651940703392,0.12170698493719101,0.13081857562065125,0.06797222048044205,0.13679151237010956,0.4088047444820404,0.1344001293182373,0.1228732094168663,0.07798871397972107,0.15504911541938782,0.0832207202911377,0.14893987774848938,0.472235769033432
1974-01-01,0.20126576721668243,0.029850028455257416,0.08132652193307877,0.09689450263977051,0.0685674324631691,0.13417573273181915,0.18019472062587738,0.27899351716041565,0.26363593339920044,0.10889580100774765,0.03788845241069794,0.2727927565574646,0.11618753522634506,0.11287840455770493,0.1957898736000061,0.15618737041950226,0.16274547576904297,0.04707704111933708,0.186656191945076,0.08023358881473541,0.17726612091064453,0.22545871138572693,0.5009029507637024,0.051081083714962006,0.07152444869279861,0.28634950518608093,0.06026114523410797,0.11137714982032776,0.1745346039533615,0.05690250173211098,0.08171998709440231,0.2754148244857788,0.15102151036262512,0.1459278166294098,0.09290109574794769,0.11262457817792892,0.06465084850788116,0.08142293244600296,0.19838254153728485,0.15939001739025116,0.13456490635871887,0.22087310254573822,0.253546804189682,0.15124806761741638,0.24837373197078705,0.15233157575130463,0.38337773084640503,0.15802937746047974,0.04847782850265503,0.07940837740898132,0.18304303288459778,0.009999999776482582,0.07362379878759384,0.24044169485569,0.072475366294384,0.19651687145233154,0.09483271092176437,0.14191311597824097,0.21820537745952606,0.10857997089624405,0.10939686745405197,0.20707914233207703,0.11040621995925903,0.10198003053665161,0.45905134081840515,0.0737341120839119,0.03618449345231056,0.09596917778253555,0.10771940648555756,0.2863520681858063,0.145183265209198,0.5054528713226318,0.12733477354049683,0.10321374982595444,0.06964444369077682,0.14495670795440674,0.1028619185090065,0.17249159514904022,0.5245183110237122
1975-01-01,0.13083544373512268,0.02939659357070923,0.07702486217021942,0.10264644026756287,0.061254143714904785,0.12755431234836578,0.18134178221225739,0.2526434659957886,0.38969817757606506,0.08652902394533157,0.03941315785050392,0.30630189180374146,0.08242687582969666,0.10089148581027985,0.206295907497406,0.15245875716209412,0.16507922112941742,0.0343925841152668,0.1738736778497696,0.07728689163923264,0.17347194254398346,0.18238261342048645,0.3948468863964081,0.045038241893053055,0.0574197880923748,0.17087170481681824,0.06015006825327873,0.12237739562988281,0.17178259789943695,0.047253601253032684,0.06514044106006622,0.2220611274242401,0.10185592621564865,0.14688140153884888,0.09982819110155106,0.10094983875751495,0.05948249250650406,0.08128505945205688,0.18023446202278137,0.14776138961315155,0.0999661535024643,0.1758747696876526,0.2896561920642853,0.1380901038646698,0.22507406771183014,0.2037578523159027,0.36041131615638733,0.1477760225534439,0.04536766931414604,0.060805633664131165,0.06534504890441895,0.009999999776482582,0.06603846698999405,0.17819173634052277,0.05378307029604912,0.19854873418807983,0.07446429133415222,0.1374843716621399,0.21390672028064728,0.09898925572633743,0.12630197405815125,0.2027507722377777,0.08509232103824615,0.0936991274356842,0.4176428020000458,0.07520867139101028,0.034063342958688736,0.08765288442373276,0.09933359175920486,0.21596550941467285,0.12653939425945282,0.4542846083641052,0.12622079253196716,0.09952680766582489,0.06882499903440475,0.1559094339609146,0.07350070029497147,0.15160199999809265,0.41269704699516296
1976-01-01,0.1372162103652954,0.03344720974564552,0.07729595899581909,0.086527980864048,0.06041032075881958,0.12043619900941849,0.1935165673494339,0.25429895520210266,0.3389418423175812,0.08233333379030228,0.04131075367331505,0.25681889057159424,0.09277525544166565,0.08054273575544357,0.2335275560617447,0.1514885574579239,0.1778888702392578,0.05143485218286514,0.19691072404384613,0.08063748478889465,0.1735612154006958,0.1795988231897354,0.32761356234550476,0.04092952609062195,0.05514545366168022,0.1954854428768158,0.060945555567741394,0.12136238813400269,0.16351574659347534,0.05305240675806999,0.07475228607654572,0.20313775539398193,0.10230948030948639,0.1431201994419098,0.09849143028259277,0.1007457822561264,0.052854180335998535,0.08251075446605682,0.17667320370674133,0.13252784311771393,0.10605289787054062,0.1902557760477066,0.27557751536369324,0.16267277300357819,0.21083016693592072,0.18762870132923126,0.35309600830078125,0.13803483545780182,0.04655754566192627,0.061346299946308136,0.07737059146165848,0.009999999776482582,0.06116354838013649,0.20620772242546082,0.04152887687087059,0.20115025341510773,0.073006771504879,0.16737379133701324,0.21731607615947723,0.09042144566774368,0.12288878858089447,0.1936039924621582,0.06869719177484512,0.09250567853450775,0.4269780218601227,0.06261862069368362,0.0371173657476902,0.09322633594274521,0.10660882294178009,0.1577838659286499,0.11004316061735153,0.43965697288513184,0.1249641478061676,0.09930513799190521,0.07215613126754761,0.1667887270450592,0.06253520399332047,0.11275032162666321,0.37404584884643555
1977-01-01,0.1586320400238037,0.03114728070795536,0.07766150683164597,0.0742516964673996,0.059154100716114044,0.13098058104515076,0.19935137033462524,0.24017059803009033,0.3720127046108246,0.10058522969484329,0.042335111647844315,0.20808394253253937,0.10046297311782837,0.07494968175888062,0.2288122922182083,0.1594008058309555,0.19707319140434265,0.0643758475780487,0.2126942276954651,0.07860006392002106,0.16865123808383942,0.18828515708446503,0.31024494767189026,0.0388910211622715,0.05436945706605911,0.11949390172958374,0.06072777137160301,0.11151905357837677,0.1830769032239914,0.061377763748168945,0.06852898001670837,0.22084581851959229,0.07051458209753036,0.1433866173028946,0.10643920302391052,0.09858297556638718,0.05535871163010597,0.08068883419036865,0.193956196308136,0.14016197621822357,0.10120022296905518,0.18562886118888855,0.2857809364795685,0.16155262291431427,0.1969229131937027,0.17726056277751923,0.32832470536231995,0.1296747773885727,0.04397968947887421,0.05764169618487358,0.06494366377592087,0.009999999776482582,0.05699031054973602,0.2076418399810791,0.022553620859980583,0.19985470175743103,0.07503163814544678,0.171577587723732,0.20495614409446716,0.12168851494789124,0.11680926382541656,0.1921764314174652,0.061821188777685165,0.08994410932064056,0.4534633755683899,0.04794695973396301,0.03723590075969696,0.09576516598463058,0.10492157191038132,0.14147332310676575,0.09013029932975769,0.3139723241329193,0.1141025573015213,0.10028528422117233,0.07115793228149414,0.1722743958234787,0.05101426690816879,0.09118315577507019,0.2784006893634796
1978-01-01,0.14301159977912903,0.03747919201850891,0.07376641035079956,0.09719093888998032,0.05636844411492348,0.12485876679420471,0.19994081556797028,0.2187185287475586,0.41738811135292053,0.14145340025424957,0.0469999685883522,0.19365626573562622,0.10741575807332993,0.07396852970123291,0.2093554586172104,0.15186242759227753,0.18766766786575317,0.06452290713787079,0.19141885638237,0.07821130752563477,0.14593371748924255,0.16516517102718353,0.2701103985309601,0.049155671149492264,0.0537525936961174,0.013577276840806007,0.05880844220519066,0.10474992543458939,0.16843679547309875,0.0633004829287529,0.07481800019741058,0.22457298636436462,0.05965324491262436,0.14214488863945007,0.09457622468471527,0.0971677228808403,0.06468523293733597,0.08080197870731354,0.18359225988388062,0.1397826075553894,0.1053907573223114,0.1645277887582779,0.2971206605434418,0.15872110426425934,0.19471454620361328,0.1398932933807373,0.30884745717048645,0.1229599192738533,0.04162447154521942,0.05731720104813576,0.07511746138334274,0.009999999776482582,0.05735544115304947,0.21118271350860596,0.1927720457315445,0.19784188270568848,0.0704767107963562,0.16596566140651703,0.18858954310417175,0.1623561531305313,0.10919331759214401,0.1908012181520462,0.05760648846626282,0.087494395673275,0.34017157554626465,0.05182043835520744,0.03795089200139046,0.10127042233943939,0.11143551021814346,0.1052645891904831,0.08274460583925247,0.30087095499038696,0.10558713227510452,0.10199572890996933,0.0700332298874855,0.17916427552700043,0.035815026611089706,0.07566315680742264,0.29023489356040955
1979-01-01,0.15560835599899292,0.03924080356955528,0.07456959038972855,0.08831620961427689,0.05488423630595207,0.12614338099956512,0.21839705109596252,0.19706150889396667,0.28543713688850403,0.09373082220554352,0.05533004552125931,0.14234930276870728,0.12026719748973846,0.06926791369915009,0.18287673592567444,0.14676859974861145,0.1655934900045395,0.0689869225025177,0.1660466343164444,0.07745374739170074,0.12939351797103882,0.18296164274215698,0.2599920630455017,0.057131338864564896,0.05370539799332619,0.046006087213754654,0.05696398764848709,0.09413592517375946,0.16073963046073914,0.06131080165505409,0.07362917810678482,0.20742420852184296,0.06613919138908386,0.13142144680023193,0.0888543576002121,0.09817469865083694,0.04395914450287819,0.07393305748701096,0.1724306046962738,0.1317427158355713,0.10504595935344696,0.16455598175525665,0.27253055572509766,0.1546873301267624,0.18970227241516113,0.1363898515701294,0.30101829767227173,0.12043457478284836,0.03852997347712517,0.05672718957066536,0.0895955041050911,0.009999999776482582,0.0684407576918602,0.20467987656593323,0.20676177740097046,0.1828424334526062,0.07039178907871246,0.1458147168159485,0.17709213495254517,0.08385169506072998,0.11625684052705765,0.1917237490415573,0.0568738728761673,0.08247147500514984,0.27965492010116577,0.056875079870224,0.038352835923433304,0.09080293029546738,0.10072138905525208,0.10819227993488312,0.082281693816185,0.2859555184841156,0.10061454027891159,0.10032523423433304,0.06711448729038239,0.19331133365631104,0.03659842908382416,0.07330068200826645,0.3382563889026642
1980-01-01,0.15623605251312256,0.03774115815758705,0.06983713060617447,0.08716705441474915,0.06899245083332062,0.11729179322719574,0.23726040124893188,0.1913217008113861,0.2833343744277954,0.09372645616531372,0.05844048783183098,0.13096889853477478,0.11988622695207596,0.07158362865447998,0.17928147315979004,0.144307479262352,0.1526125818490982,0.06864916533231735,0.14774440228939056,0.07258205860853195,0.12887237966060638,0.17226649820804596,0.23437415063381195,0.051979098469018936,0.04931528866291046,0.06049686670303345,0.05194007232785225,0.0857701450586319,0.1570957601070404,0.06057067960500717,0.06215774640440941,0.23271974921226501,0.05474725365638733,0.12288995087146759,0.08016292750835419,0.09247566014528275,0.038836609572172165,0.06329035758972168,0.17012247443199158,0.1285243034362793,0.10176414251327515,0.15130484104156494,0.2756062150001526,0.13218779861927032,0.1914387047290802,0.14870302379131317,0.2980451285839081,0.1298714578151703,0.03381648659706116,0.058803461492061615,0.10982855409383774,0.009999999776482582,0.08384674787521362,0.216017946600914,0.2349168211221695,0.18582779169082642,0.06575189530849457,0.12962616980075836,0.1644369512796402,0.08908755332231522,0.10547805577516556,0.17951317131519318,0.08187802135944366,0.0766095221042633,0.21633382141590118,0.06027244031429291,0.03716875985264778,0.08201023191213608,0.09549739956855774,0.14510822296142578,0.08654845505952835,0.2892311215400696,0.09904051572084427,0.09545490890741348,0.06178933009505272,0.17896834015846252,0.039571817964315414,0.08127718418836594,0.3486833870410919
1981-01-01,0.14148889482021332,0.03541283681988716,0.06548646837472916,0.07739223539829254,0.06591024994850159,0.12543269991874695,0.22606070339679718,0.17576242983341217,0.29138004779815674,0.08738294988870621,0.05081601068377495,0.11344439536333084,0.1184879019856453,0.06718729436397552,0.17430678009986877,0.1357794851064682,0.10031114518642426,0.06503337621688843,0.13431836664676666,0.06932958215475082,0.11883825063705444,0.1586003452539444,0.2076999992132187,0.0488445870578289,0.048293519765138626,0.07019000500440598,0.04912511631846428,0.08081621676683426,0.15889954566955566,0.06028703227639198,0.06618347764015198,0.19982393085956573,0.05629682540893555,0.1205764189362526,0.07068139314651489,0.08203994482755661,0.03663455694913864,0.06457144021987915,0.1557188630104065,0.1277330219745636,0.09661195427179337,0.13211703300476074,0.2726026475429535,0.12697064876556396,0.18797579407691956,0.11968177556991577,0.27672168612480164,0.10530415922403336,0.03641897439956665,0.05943799763917923,0.07961004227399826,0.009999999776482582,0.08342857658863068,0.21768370270729065,0.2282051295042038,0.18767838180065155,0.057312265038490295,0.13246777653694153,0.14140181243419647,0.10423256456851959,0.0987759530544281,0.16705839335918427,0.058841388672590256,0.07208571583032608,0.239914208650589,0.06105225905776024,0.04222387075424194,0.0854506716132164,0.09321936964988708,0.08451227843761444,0.08194252848625183,0.30239129066467285,0.07804886996746063,0.09448061138391495,0.06420934200286865,0.17098556458950043,0.042519982904195786,0.08784285187721252,0.38834482431411743
1982-01-01,0.11157945543527603,0.0323910117149353,0.06438518315553665,0.06837467849254608,0.06748159229755402,0.09514781832695007,0.19533094763755798,0.16346704959869385,0.252278596162796,0.08464323729276657,0.042274780571460724,0.1218254342675209,0.09104830026626587,0.06755959987640381,0.17350807785987854,0.13243170082569122,0.08075519651174545,0.06912834942340851,0.13127656280994415,0.07160577923059464,0.10638962686061859,0.14058251678943634,0.20865510404109955,0.051863331347703934,0.04723940044641495,0.06581655889749527,0.04814200848340988,0.0847800150513649,0.15134839713573456,0.05726895108819008,0.06465177237987518,0.20338909327983856,0.0770958885550499,0.1260731816291809,0.08204742521047592,0.08049082010984421,0.03803839534521103,0.0621514692902565,0.11964371055364609,0.11365596204996109,0.0948161855340004,0.12499973922967911,0.26483091711997986,0.13503636419773102,0.16798603534698486,0.11101563274860382,0.26145726442337036,0.09907488524913788,0.03732489049434662,0.058304909616708755,0.0527106411755085,0.009999999776482582,0.07802756875753403,0.17971892654895782,0.17157332599163055,0.1845587193965912,0.05410908907651901,0.13590586185455322,0.14718447625637054,0.2258002609014511,0.11285747587680817,0.15106457471847534,0.05043136700987816,0.07106238603591919,0.2280898243188858,0.06796956062316895,0.03456047922372818,0.08224790543317795,0.08957605808973312,0.04227011650800705,0.0721837505698204,0.273242324590683,0.05599607154726982,0.1024591401219368,0.05960652604699135,0.1420479267835617,0.03973322734236717,0.09512601047754288,0.3725268840789795
1983-01-01,0.11731177568435669,0.04281028360128403,0.06539145112037659,0.06703238189220428,0.06946022808551788,0.07901769876480103,0.1825898289680481,0.14816944301128387,0.20065879821777344,0.09008491784334183,0.05692020803689957,0.07605277746915817,0.08729374408721924,0.0724562481045723,0.18484686315059662,0.12958794832229614,0.11399852484464645,0.07050403952598572,0.12185085564851761,0.07210950553417206,0.10294189304113388,0.17517031729221344,0.17722322046756744,0.05245174840092659,0.05006824806332588,0.05980528146028519,0.047659289091825485,0.08124271780252457,0.15614809095859528,0.05460866913199425,0.06391558051109314,0.20205451548099518,0.08480370044708252,0.127284973859787,0.08630523830652237,0.08192594349384308,0.042069535702466965,0.06169414892792702,0.1101764515042305,0.10784939676523209,0.09785261750221252,0.12569113075733185,0.24875320494174957,0.13787832856178284,0.15343773365020752,0.11010070145130157,0.23865635693073273,0.09013976901769638,0.04212293028831482,0.07328725606203079,0.06580884754657745,0.009999999776482582,0.08013393729925156,0.16342855989933014,0.12280134111642838,0.167424276471138,0.049929387867450714,0.14374592900276184,0.139842689037323,0.2923392057418823,0.1127881109714508,0.1435549110174179,0.04851397126913071,0.07022593170404434,0.2291928231716156,0.07393429428339005,0.029735511168837547,0.08873124420642853,0.09140411019325256,0.032840874046087265,0.06962239742279053,0.27676552534103394,0.08180316537618637,0.10956674814224243,0.06894636154174805,0.13003578782081604,0.03616564720869064,0.08991485089063644,0.450017511844635
1984-01-01,0.1170109435915947,0.04395212605595589,0.06486649811267853,0.06965454667806625,0.07242891937494278,0.03401123732328415,0.1888214349746704,0.16052579879760742,0.1800723522901535,0.09175446629524231,0.0673941969871521,0.08903825283050537,0.0923411026597023,0.0761374682188034,0.21230582892894745,0.1268606185913086,0.13456392288208008,0.07343320548534393,0.10487965494394302,0.07469645887613297,0.08831629157066345,0.16958357393741608,0.1759476512670517,0.05459322780370712,0.05346084386110306,0.07279807329177856,0.04857279360294342,0.08266155421733856,0.15407495200634003,0.06109415367245674,0.060115665197372437,0.20731264352798462,0.06812518835067749,0.1314491331577301,0.09090325981378555,0.09032102674245834,0.040061697363853455,0.06536275148391724,0.12646402418613434,0.10796583443880081,0.10401278734207153,0.13668449223041534,0.2212885171175003,0.14482901990413666,0.15713389217853546,0.10450557619333267,0.3057241141796112,0.09348127245903015,0.048972416669130325,0.07793081551790237,0.09704176336526871,0.009999999776482582,0.08814742416143417,0.14131930470466614,0.11775953322649002,0.1472141444683075,0.051091521978378296,0.15653695166110992,0.13994303345680237,0.30386051535606384,0.11357302963733673,0.13637317717075348,0.05327799171209335,0.07220481336116791,0.23521387577056885,0.08235219120979309,0.04493542015552521,0.09568390250205994,0.08968298882246017,0.03400654345750809,0.07396627217531204,0.2677296996116638,0.04099321737885475,0.11016220599412918,0.07611210644245148,0.12600195407867432,0.0439826101064682,0.07149066776037216,0.3070318400859833
1985-01-01,0.11368991434574127,0.04276096075773239,0.06566163152456284,0.0701972246170044,0.07318797707557678,0.10055080056190491,0.22187836468219757,0.17602655291557312,0.23295627534389496,0.08196555823087692,0.07177585363388062,0.09559167921543121,0.09459426254034042,0.08415534347295761,0.20094433426856995,0.1101943776011467,0.14842233061790466,0.07282284647226334,0.12176626920700073,0.07484234869480133,0.1103692501783371,0.17666774988174438,0.18282362818717957,0.0504397451877594,0.05635066702961922,0.06461767107248306,0.04948655515909195,0.08189325779676437,0.1268458366394043,0.06206553056836128,0.062389176338911057,0.20904144644737244,0.06843459606170654,0.1361437737941742,0.0917910635471344,0.09126950800418854,0.038010597229003906,0.06953740119934082,0.14188577234745026,0.11885541677474976,0.10694140195846558,0.12220258265733719,0.20372188091278076,0.1554151475429535,0.15491965413093567,0.11597834527492523,0.3575180470943451,0.10098600387573242,0.0501784048974514,0.07819224894046783,0.04827553406357765,0.009999999776482582,0.08317743241786957,0.14084665477275848,0.10255374014377594,0.14135755598545074,0.05378536134958267,0.15596918761730194,0.13150519132614136,0.1877540946006775,0.12288209050893784,0.11883668601512909,0.05137276276946068,0.07371891289949417,0.21596066653728485,0.07969710230827332,0.042838938534259796,0.0948369950056076,0.08460648357868195,0.028030889108777046,0.07238071411848068,0.24200472235679626,0.02146773971617222,0.11246668547391891,0.07862887531518936,0.11301703751087189,0.04391590505838394,0.05681724473834038,0.4231141209602356
1986-01-01,0.13084913790225983,0.043401822447776794,0.06594884395599365,0.07414368540048599,0.07844316959381104,0.16237835586071014,0.2655857503414154,0.18509137630462646,0.2118263691663742,0.07416484504938126,0.0633651539683342,0.09600911289453506,0.09568409621715546,0.08481016755104065,0.2040616124868393,0.11440999805927277,0.1721317023038864,0.07711364328861237,0.12859152257442474,0.0769561156630516,0.09025704860687256,0.13565008342266083,0.19885383546352386,0.050981730222702026,0.06339506059885025,0.030347704887390137,0.050384942442178726,0.0756416991353035,0.14935940504074097,0.06631609797477722,0.06350529938936234,0.20878572762012482,0.07174612581729889,0.1377788633108139,0.10251559317111969,0.09963348507881165,0.05558258295059204,0.07400192320346832,0.14561383426189423,0.1193985790014267,0.10858522355556488,0.10740555822849274,0.19509272277355194,0.1730748564004898,0.12885817885398865,0.12164665013551712,0.39278706908226013,0.09170419722795486,0.04894380643963814,0.08439941704273224,0.06524376571178436,0.009999999776482582,0.059638917446136475,0.1163121908903122,0.149121955037117,0.14993953704833984,0.05998830124735832,0.17413409054279327,0.12521003186702728,0.21219077706336975,0.1456713080406189,0.12788265943527222,0.04743046313524246,0.07731878757476807,0.22302177548408508,0.08285841345787048,0.03541312739253044,0.11085274070501328,0.08551136404275894,0.009999999776482582,0.06494000554084778,0.21246452629566193,0.013422757387161255,0.11324514448642731,0.07688596099615097,0.13082875311374664,0.03918197378516197,0.030792109668254852,0.47996786236763
1987-01-01,0.13088040053844452,0.05120430886745453,0.06483494490385056,0.08052167296409607,0.07967565208673477,0.15620946884155273,0.26179516315460205,0.14234156906604767,0.19397275149822235,0.07605843245983124,0.06722746044397354,0.09732431173324585,0.10203029960393906,0.08871190249919891,0.20145729184150696,0.11316145211458206,0.17174655199050903,0.08335521817207336,0.11639757454395294,0.07545294612646103,0.08681575953960419,0.11117417365312576,0.21283939480781555,0.049857962876558304,0.06427694857120514,0.01299297995865345,0.04974822700023651,0.07385535538196564,0.13948369026184082,0.07397498935461044,0.05901029333472252,0.20312967896461487,0.08104600757360458,0.14345279335975647,0.09370633959770203,0.1015874594449997,0.060793690383434296,0.07619915902614594,0.15081505477428436,0.12157657742500305,0.10433769226074219,0.12691886723041534,0.20372231304645538,0.18665142357349396,0.13747267425060272,0.1260744035243988,0.16097524762153625,0.08794619888067245,0.042789164930582047,0.08781042695045471,0.05909022316336632,0.009999999776482582,0.05294511839747429,0.11640948802232742,0.1917438954114914,0.15691068768501282,0.06194324418902397,0.18445241451263428,0.11754228919744492,0.11153862625360489,0.14697186648845673,0.14372149109840393,0.05396391823887825,0.07862791419029236,0.22319214046001434,0.07772873342037201,0.03689916431903839,0.11558201164007187,0.09172633290290833,0.010731436312198639,0.06346138566732407,0.3014225661754608,0.01359902136027813,0.11680798977613449,0.07523433864116669,0.1451113522052765,0.03862866759300232,0.010021159425377846,0.4879167079925537
1988-01-01,0.13170410692691803,0.05321012809872627,0.0652380958199501,0.07842735946178436,0.08756151795387268,0.13265042006969452,0.26012948155403137,0.12392197549343109,0.19555382430553436,0.08236825466156006,0.06530273705720901,0.11858993768692017,0.10788149386644363,0.09474357962608337,0.18107068538665771,0.10445334017276764,0.16891588270664215,0.08472494035959244,0.10931108891963959,0.07278025150299072,0.08893448114395142,0.11931160092353821,0.15606264770030975,0.05175793543457985,0.07017233222723007,0.04141256585717201,0.05065080150961876,0.07469463348388672,0.14243817329406738,0.07408072054386139,0.06212690845131874,0.20820662379264832,0.05845021456480026,0.14348775148391724,0.10032237321138382,0.10391606390476227,0.06027751415967941,0.07931207120418549,0.1385442167520523,0.12016788870096207,0.11112360656261444,0.12924760580062866,0.20505258440971375,0.17837774753570557,0.1361096203327179,0.1343241184949875,0.0532962940633297,0.09142167866230011,0.04484889656305313,0.09614492952823639,0.05782373994588852,0.009999999776482582,0.04757852479815483,0.11866891384124756,0.13458111882209778,0.17054380476474762,0.06440749764442444,0.17742793262004852,0.11353853344917297,0.1722007691860199,0.14634475111961365,0.16134820878505707,0.05822804197669029,0.07764844596385956,0.21911723911762238,0.07464715093374252,0.038093239068984985,0.10648874193429947,0.09350983053445816,0.017306793481111526,0.06319478899240494,0.25225740671157837,0.018492337316274643,0.11844569444656372,0.07586275041103363,0.14525797963142395,0.03757966682314873,0.016800731420516968,0.5886858105659485
1989-01-01,0.1227433905005455,0.050644651055336,0.06487366557121277,0.07840654999017715,0.08744365721940994,0.13994184136390686,0.34283941984176636,0.10778383165597916,0.18918105959892273,0.0668787881731987,0.06015392020344734,0.11789708584547043,0.11386933922767639,0.09550085663795471,0.16347913444042206,0.10267481207847595,0.17064285278320312,0.08452852070331573,0.13581915199756622,0.07173407822847366,0.10325319319963455,0.12097099423408508,0.19972097873687744,0.049425698816776276,0.07362143695354462,0.033736325800418854,0.051888350397348404,0.07352962344884872,0.14401325583457947,0.06928008794784546,0.06622979789972305,0.21710814535617828,0.06187666207551956,0.14916592836380005,0.10019382834434509,0.10563112050294876,0.0626736432313919,0.07786443829536438,0.12981662154197693,0.12721467018127441,0.11553460359573364,0.13962773978710175,0.19102546572685242,0.16764704883098602,0.12436454743146896,0.13107076287269592,0.05556792765855789,0.09022058546543121,0.050837062299251556,0.09732524305582047,0.0575830340385437,0.009999999776482582,0.05874607712030411,0.1280907243490219,0.12663312256336212,0.16780520975589752,0.06570526212453842,0.16062499582767487,0.09836496412754059,0.14196810126304626,0.13491803407669067,0.16004464030265808,0.0622791163623333,0.07769449055194855,0.2253037393093109,0.0670429989695549,0.039582159370183945,0.10152827948331833,0.09077919274568558,0.0354868620634079,0.06533818691968918,0.2789955735206604,0.03241050988435745,0.11020227521657944,0.08084844052791595,0.1449071764945984,0.037901993840932846,0.012642450630664825,0.684492826461792
1990-01-01,0.11480963975191116,0.04831003025174141,0.06574402004480362,0.06797564774751663,0.08404365181922913,0.15747952461242676,0.30631914734840393,0.107874795794487,0.1749056577682495,0.05859293416142464,0.0527566559612751,0.11854667961597443,0.11077748984098434,0.09656070172786713,0.1565837562084198,0.10675433278083801,0.16817805171012878,0.0887971892952919,0.13888318836688995,0.06907603144645691,0.11334339529275894,0.14135274291038513,0.2167896032333374,0.04120396450161934,0.0716518983244896,0.042996495962142944,0.0521572008728981,0.07224541902542114,0.13578948378562927,0.06685255467891693,0.07002909481525421,0.21789148449897766,0.05452347919344902,0.1484200656414032,0.110026516020298,0.10084939748048782,0.06377794593572617,0.07640622556209564,0.09865207225084305,0.1248442679643631,0.10983108729124069,0.14743846654891968,0.18211005628108978,0.15815788507461548,0.13444985449314117,0.12006048113107681,0.056185532361269,0.062244243919849396,0.05671539157629013,0.09939929097890854,0.057725269347429276,0.009999999776482582,0.06815409660339355,0.13720640540122986,0.1315915882587433,0.16339066624641418,0.06746261566877365,0.1493009328842163,0.0941048413515091,0.12500573694705963,0.13704326748847961,0.1603824496269226,0.06631200015544891,0.07699044793844223,0.24394676089286804,0.057449594140052795,0.03780899569392204,0.09726477414369583,0.08591224998235703,0.049680888652801514,0.06889236718416214,0.2970340847969055,0.04021263122558594,0.09930350631475449,0.08033768087625504,0.14589524269104004,0.051061034202575684,0.009999999776482582,0.6876217722892761
1991-01-01,0.15144549310207367,0.05200335383415222,0.06561592221260071,0.08284221589565277,0.08085952699184418,0.15288250148296356,0.2735227346420288,0.15727154910564423,0.16254326701164246,0.03767920285463333,0.04390006139874458,0.1233825758099556,0.11788670718669891,0.10121752321720123,0.16457200050354004,0.11163781583309174,0.16347995400428772,0.08418826013803482,0.1205720528960228,0.06770961731672287,0.08119568973779678,0.15210925042629242,0.2445956915616989,0.029185809195041656,0.06826366484165192,0.04486123472452164,0.05263206362724304,0.07503002882003784,0.150567889213562,0.06540273129940033,0.0645243301987648,0.24216480553150177,0.062410738319158554,0.14638285338878632,0.11952365934848785,0.09777073562145233,0.061405248939991,0.07156767696142197,0.09578687697649002,0.13820722699165344,0.11132780462503433,0.15198825299739838,0.18568964302539825,0.15063618123531342,0.13607697188854218,0.13026881217956543,0.16392318904399872,0.055105358362197876,0.056119561195373535,0.09466095268726349,0.06258589774370193,0.009999999776482582,0.07118731737136841,0.1240687221288681,0.16478826105594635,0.15568318963050842,0.0690867230296135,0.14024844765663147,0.08112385869026184,0.10738004744052887,0.13306577503681183,0.1559087634086609,0.0721263438463211,0.0765848159790039,0.22730757296085358,0.056855179369449615,0.037602461874485016,0.09910033643245697,0.08136673271656036,0.03811072185635567,0.07094063609838486,0.2605845332145691,0.0795074850320816,0.10595395416021347,0.07960585504770279,0.14265872538089752,0.0554586760699749,0.009999999776482582,0.7239172458648682
1992-01-01,0.1777515560388565,0.05630091205239296,0.06380318850278854,0.06769689172506332,0.08124660700559616,0.14185428619384766,0.25230836868286133,0.13742586970329285,0.14638009667396545,0.05846674367785454,0.04153650254011154,0.12127675116062164,0.12320351600646973,0.104964978992939,0.1614256054162979,0.11448266357183456,0.17636889219284058,0.09045477211475372,0.11574462801218033,0.06823800504207611,0.11067722737789154,0.1520862877368927,0.29222241044044495,0.03639327734708786,0.06920337677001953,0.049498479813337326,0.04968346655368805,0.0754179134964943,0.14384818077087402,0.06103746220469475,0.07062185555696487,0.23682335019111633,0.057539429515600204,0.1456582397222519,0.1208142340183258,0.09643977880477905,0.06605295836925507,0.06623200327157974,0.10459686815738678,0.13145047426223755,0.10721717029809952,0.15638239681720734,0.1908051073551178,0.15158258378505707,0.13646775484085083,0.12168232351541519,0.11515334248542786,0.07090693712234497,0.052253466099500656,0.09920637309551239,0.06724068522453308,0.009999999776482582,0.07147489488124847,0.11849118024110794,0.1727457195520401,0.15405365824699402,0.0729023814201355,0.13295157253742218,0.06312784552574158,0.10315337777137756,0.13360674679279327,0.14737823605537415,0.08035408705472946,0.07678408175706863,0.23706631362438202,0.061651233583688736,0.03874600678682327,0.08790186792612076,0.0829542800784111,0.03246767818927765,0.07404330372810364,0.26416340470314026,0.06039288267493248,0.12142667174339294,0.08140047639608383,0.1590060591697693,0.06097397953271866,0.009999999776482582,0.5889440774917603
1993-01-01,0.17506279051303864,0.059106357395648956,0.0619974248111248,0.07965383678674698,0.07805986702442169,0.13785871863365173,0.23696337640285492,0.1447640210390091,0.13681818544864655,0.10493945330381393,0.047706738114356995,0.1132165789604187,0.12705102562904358,0.11136051267385483,0.15580391883850098,0.11572110652923584,0.1809133142232895,0.08645250648260117,0.1220240592956543,0.06558425724506378,0.1376459002494812,0.13566388189792633,0.30877357721328735,0.050255630165338516,0.06713730841875076,0.05001811683177948,0.04700285568833351,0.07327118515968323,0.14179247617721558,0.060446999967098236,0.07692243903875351,0.2204727828502655,0.057269755750894547,0.14884573221206665,0.1248854473233223,0.09758035093545914,0.06337251514196396,0.061654746532440186,0.0992998331785202,0.10811606794595718,0.11366541683673859,0.160746768116951,0.18454208970069885,0.1435357630252838,0.15163488686084747,0.10953141003847122,0.11639746278524399,0.07263481616973877,0.051905155181884766,0.10781338810920715,0.05835472792387009,0.009999999776482582,0.07686280459165573,0.11456283181905746,0.17371569573879242,0.1445588320493698,0.06924903392791748,0.13519467413425446,0.08662661164999008,0.07549003511667252,0.12725599110126495,0.15786820650100708,0.09060360491275787,0.07291439175605774,0.24897806346416473,0.0687393769621849,0.04002595692873001,0.08191816508769989,0.08055195212364197,0.031785327941179276,0.0748172402381897,0.2645122706890106,0.04947435483336449,0.138063445687294,0.08365048468112946,0.1667085886001587,0.059533435851335526,0.009999999776482582,0.5827203392982483
1994-01-01,0.1886499524116516,0.06006321683526039,0.061489537358284,0.09828481078147888,0.08145031332969666,0.1454802006483078,0.26098543405532837,0.1417127549648285,0.10831345617771149,0.09108761698007584,0.0570509172976017,0.12231016904115677,0.13071955740451813,0.1296023428440094,0.15348583459854126,0.10817635804414749,0.1818971037864685,0.09144307672977448,0.15539631247520447,0.06898228824138641,0.11531691998243332,0.14892920851707458,0.32247814536094666,0.059726323932409286,0.0688413679599762,0.05444555729627609,0.05232604965567589,0.07569102942943573,0.15239444375038147,0.0616513155400753,0.08578144013881683,0.2210051566362381,0.052087780088186264,0.15253768861293793,0.12231243401765823,0.10424505174160004,0.06043393537402153,0.05832299217581749,0.098476342856884,0.10628148168325424,0.11728435009717941,0.16554154455661774,0.18720963597297668,0.13441146910190582,0.15850180387496948,0.11622216552495956,0.13229046761989594,0.09950859844684601,0.057892244309186935,0.11203338205814362,0.064174123108387,0.009999999776482582,0.07766663283109665,0.1113816350698471,0.19824200868606567,0.14946569502353668,0.06834597140550613,0.137828528881073,0.09804839640855789,0.009999999776482582,0.1217101514339447,0.16715790331363678,0.09859281033277512,0.07287035882472992,0.24631109833717346,0.07928242534399033,0.04325169324874878,0.08368247747421265,0.07721744477748871,0.03877883777022362,0.08356264978647232,0.22940030694007874,0.05336029455065727,0.1521129012107849,0.08682018518447876,0.17784583568572998,0.05233881250023842,0.009999999776482582,0.6548628807067871
1995-01-01,0.18721233308315277,0.06094251200556755,0.061416979879140854,0.07958021014928818,0.0860242247581482,0.16443736851215363,0.24747242033481598,0.12263591587543488,0.12140099704265594,0.10287840664386749,0.0625326931476593,0.11304320394992828,0.14875242114067078,0.13784560561180115,0.14247138798236847,0.10952570289373398,0.18298746645450592,0.09843343496322632,0.1674664169549942,0.06996601819992065,0.13357006013393402,0.14937424659729004,0.314316064119339,0.06999397277832031,0.0690605491399765,0.051348812878131866,0.052617721259593964,0.07745721191167831,0.15763741731643677,0.061073172837495804,0.09140327572822571,0.22575783729553223,0.04575400799512863,0.16354434192180634,0.1380339413881302,0.11063133925199509,0.057532478123903275,0.05955719202756882,0.09875556826591492,0.09910771995782852,0.11362000554800034,0.16939270496368408,0.1909891813993454,0.14083032310009003,0.15027959644794464,0.12008916586637497,0.11428096145391464,0.09023874998092651,0.07281890511512756,0.11217428743839264,0.06283014267683029,0.009999999776482582,0.0796733945608139,0.11360606551170349,0.18893712759017944,0.16501794755458832,0.06853871047496796,0.1334991604089737,0.10829532891511917,0.03094695881009102,0.1185549721121788,0.17401358485221863,0.10542665421962738,0.07286383211612701,0.24870944023132324,0.08969507366418839,0.040982551872730255,0.07996198534965515,0.07257682085037231,0.06366574019193649,0.08786509186029434,0.2543192505836487,0.050917379558086395,0.16660501062870026,0.08534456044435501,0.17553624510765076,0.05868738517165184,0.009999999776482582,0.5672359466552734
1996-01-01,0.208934023976326,0.05948644131422043,0.0639265850186348,0.07642831653356552,0.0827128067612648,0.164839968085289,0.29077720642089844,0.13618695735931396,0.12387101352214813,0.11006255447864532,0.06418091058731079,0.10014230012893677,0.14102211594581604,0.13172027468681335,0.1374601274728775,0.1046445220708847,0.18207429349422455,0.0951790139079094,0.17435526847839355,0.06933610141277313,0.13161182403564453,0.1473814845085144,0.3336622416973114,0.07173032313585281,0.06801331788301468,0.08281241357326508,0.05317138507962227,0.08094482868909836,0.16337950527668,0.05683989077806473,0.09396377950906754,0.22541765868663788,0.04560013860464096,0.1634509265422821,0.13855840265750885,0.11143136769533157,0.05364295095205307,0.06130242720246315,0.09443344920873642,0.13711032271385193,0.12234316766262054,0.1709858775138855,0.16239356994628906,0.15005970001220703,0.1671728491783142,0.13376279175281525,0.15942993760108948,0.10605881363153458,0.07328188419342041,0.11001138389110565,0.06324471533298492,0.009999999776482582,0.08746106922626495,0.10961917787790298,0.18977080285549164,0.1666797250509262,0.06387454271316528,0.12285207211971283,0.11189395189285278,0.04991595074534416,0.12289761751890182,0.16747760772705078,0.10855041444301605,0.07311312109231949,0.2524048686027527,0.08599027246236801,0.040547993034124374,0.08348879218101501,0.06568688899278641,0.04639945551753044,0.0917423740029335,0.25301289558410645,0.06511572748422623,0.16802306473255157,0.08632276952266693,0.1823098510503769,0.05738147720694542,0.022779010236263275,0.4621557891368866
1997-01-01,0.22707174718379974,0.06008075177669525,0.06608481705188751,0.09420697391033173,0.08415667712688446,0.16405506432056427,0.30020302534103394,0.14841674268245697,0.12234130501747131,0.11194511502981186,0.06486742943525314,0.101537324488163,0.1396886110305786,0.13068822026252747,0.1296801120042801,0.10724300146102905,0.1917082667350769,0.09334918856620789,0.18730074167251587,0.07119615375995636,0.15689843893051147,0.15030616521835327,0.3712212145328522,0.08002882450819016,0.06996409595012665,0.07202059775590897,0.056341107934713364,0.08257504552602768,0.17680203914642334,0.060246825218200684,0.09205619245767593,0.23150037229061127,0.042635105550289154,0.17892737686634064,0.1366543173789978,0.10900016874074936,0.04867527633905411,0.057422686368227005,0.09484291821718216,0.1468788981437683,0.12199738621711731,0.1658165454864502,0.1840486228466034,0.15836985409259796,0.16575032472610474,0.1300904005765915,0.18247966468334198,0.11577317863702774,0.07713034749031067,0.11039233952760696,0.07212784141302109,0.009999999776482582,0.0882798358798027,0.09752961248159409,0.19737990200519562,0.17278531193733215,0.06513661891222,0.12527312338352203,0.12976858019828796,0.07422800362110138,0.12314078956842422,0.1660209596157074,0.10884839296340942,0.0690922737121582,0.26080554723739624,0.08748477697372437,0.0454445406794548,0.08189371973276138,0.05431289225816727,0.05783993378281593,0.09017569571733475,0.24699056148529053,0.08192263543605804,0.1417013704776764,0.08632310479879379,0.185826376080513,0.05787977948784828,0.022659078240394592,0.3253287672996521
1998-01-01,0.21923759579658508,0.05825319513678551,0.06759495288133621,0.08149220794439316,0.08436831831932068,0.17030969262123108,0.27588218450546265,0.14221946895122528,0.12692634761333466,0.11546207219362259,0.05801113322377205,0.09926391392946243,0.1325618326663971,0.12428639829158783,0.11397362500429153,0.10435580462217331,0.19531914591789246,0.10686163604259491,0.19119326770305634,0.06453900039196014,0.15433239936828613,0.13174037635326385,0.3702915608882904,0.08598732948303223,0.07321293652057648,0.05387965962290764,0.0587661936879158,0.0825766921043396,0.17747117578983307,0.06038172170519829,0.10041725635528564,0.15259875357151031,0.03531162068247795,0.18350930511951447,0.13667131960391998,0.11670374870300293,0.045266903936862946,0.05530330911278725,0.09474053233861923,0.13558456301689148,0.11996199190616608,0.14567068219184875,0.177788645029068,0.17102791368961334,0.16123855113983154,0.13355088233947754,0.2138526737689972,0.11921309679746628,0.07850633561611176,0.10966933518648148,0.06501726806163788,0.009999999776482582,0.06754132360219955,0.09802716970443726,0.1864214688539505,0.17507459223270416,0.06437806040048599,0.1156611517071724,0.1098230630159378,0.08315801620483398,0.12244344502687454,0.1348472386598587,0.09846657514572144,0.06848101317882538,0.28118908405303955,0.09519334882497787,0.04601210728287697,0.0757044330239296,0.044452060014009476,0.045504651963710785,0.09335529804229736,0.24007998406887054,0.08913208544254303,0.1370280534029007,0.081554114818573,0.17809948325157166,0.03688407689332962,0.029009027406573296,0.599432647228241
1999-01-01,0.19322580099105835,0.05978434532880783,0.06805794686079025,0.06806288659572601,0.08075975626707077,0.15305551886558533,0.30308014154434204,0.13683602213859558,0.14086705446243286,0.1230371966958046,0.06575889140367508,0.08467236906290054,0.11843349784612656,0.11223585903644562,0.10700993239879608,0.10119358450174332,0.1886344999074936,0.11251610517501831,0.1983995884656906,0.06573782116174698,0.14731502532958984,0.09609200060367584,0.35155996680259705,0.08440747857093811,0.07160664349794388,0.04447489604353905,0.05762312561273575,0.08005959540605545,0.16356103122234344,0.05429825559258461,0.10214164108037949,0.15435321629047394,0.0469144769012928,0.1831563115119934,0.13362976908683777,0.11503621190786362,0.047010716050863266,0.05461623892188072,0.09302113950252533,0.12536188960075378,0.14390027523040771,0.17594163119792938,0.18843211233615875,0.1780562400817871,0.16022251546382904,0.13270530104637146,0.22225773334503174,0.12345745414495468,0.07496347278356552,0.11715564131736755,0.053282007575035095,0.009999999776482582,0.07352924346923828,0.08844561129808426,0.1733892858028412,0.18784935772418976,0.06402482092380524,0.12865039706230164,0.12542486190795898,0.08650760352611542,0.1443857103586197,0.1358817219734192,0.10228022933006287,0.06532076001167297,0.2689238488674164,0.09533556550741196,0.04201454296708107,0.07208045572042465,0.049629904329776764,0.0595896877348423,0.09740275144577026,0.2260771095752716,0.11952389031648636,0.12513825297355652,0.08010408282279968,0.15312975645065308,0.03864949196577072,0.03545856475830078,0.670124888420105
2000-01-01,0.195659339427948,0.05701790004968643,0.07106989622116089,0.06449300050735474,0.08346132189035416,0.1306091845035553,0.31777727603912354,0.13063567876815796,0.14797458052635193,0.11446896940469742,0.07474195957183838,0.06614653021097183,0.1296270489692688,0.1136704832315445,0.10939803719520569,0.1147611066699028,0.1849846988916397,0.11752880364656448,0.14661093056201935,0.07583978772163391,0.1567942500114441,0.08549139648675919,0.3583800196647644,0.08624899387359619,0.07296708971261978,0.04816944897174835,0.05440092831850052,0.07903918623924255,0.15531739592552185,0.055133163928985596,0.10082145780324936,0.16648347675800323,0.05331633985042572,0.18724627792835236,0.13885731995105743,0.11722388863563538,0.047505345195531845,0.05656662583351135,0.09919589012861252,0.12162915617227554,0.16067160665988922,0.18925437331199646,0.18953706324100494,0.19056476652622223,0.1491595357656479,0.12360519915819168,0.222887322306633,0.13818542659282684,0.07409676909446716,0.11324252188205719,0.04760752245783806,0.012176061049103737,0.10964815318584442,0.08958127349615097,0.17077912390232086,0.20167411863803864,0.06171759217977524,0.1309555023908615,0.10740558058023453,0.10006885230541229,0.13328367471694946,0.15913312137126923,0.1150425374507904,0.06314918398857117,0.2855479121208191,0.09035887569189072,0.04689275473356247,0.06859756261110306,0.04917038232088089,0.09623724967241287,0.09777862578630447,0.23985828459262848,0.13485929369926453,0.11991800367832184,0.07522556930780411,0.14392919838428497,0.05909212306141853,0.04644950106739998,0.20218265056610107
2001-01-01,0.1814822107553482,0.05563201755285263,0.07233748584985733,0.06778576225042343,0.07825025171041489,0.1301204264163971,0.2987258732318878,0.1208353191614151,0.17612746357917786,0.10477752983570099,0.07138416916131973,0.04754972085356712,0.12134522199630737,0.11350982636213303,0.10861271619796753,0.11206834763288498,0.18097591400146484,0.12350393086671829,0.1977454274892807,0.0678618997335434,0.15446901321411133,0.09695804864168167,0.35493287444114685,0.08710216730833054,0.07152838259935379,0.03140706196427345,0.058716919273138046,0.07890234142541885,0.15649807453155518,0.06293830275535583,0.10195542871952057,0.1743050217628479,0.050225384533405304,0.18387025594711304,0.12482558190822601,0.11827085167169571,0.04830069839954376,0.05536803975701332,0.10712801665067673,0.13240885734558105,0.11815416812896729,0.17963667213916779,0.16625048220157623,0.19744549691677094,0.13372424244880676,0.1182304322719574,0.20920240879058838,0.1543990522623062,0.07239281386137009,0.11501649767160416,0.0668129175901413,0.009999999776482582,0.10101452469825745,0.09382417798042297,0.16491292417049408,0.20649421215057373,0.05934372916817665,0.12741290032863617,0.10091044753789902,0.09173561632633209,0.1348748803138733,0.13581617176532745,0.12391659617424011,0.06490441411733627,0.2897658944129944,0.08148877322673798,0.036063071340322495,0.06381392478942871,0.04805222898721695,0.07550331950187683,0.10122349113225937,0.22182849049568176,0.1484426110982895,0.11156383901834488,0.0707707405090332,0.1395958811044693,0.04684454947710037,0.06566115468740463,0.18460360169410706
2002-01-01,0.16709738969802856,0.055707987397909164,0.07380615174770355,0.07951626181602478,0.07768826931715012,0.13628080487251282,0.26893699169158936,0.11921247094869614,0.17472510039806366,0.10628271847963333,0.06970846652984619,0.05344128981232643,0.11497650295495987,0.10146011412143707,0.11605013906955719,0.11083510518074036,0.18159528076648712,0.11502401530742645,0.21721088886260986,0.06444833427667618,0.1507948637008667,0.09552697092294693,0.33906280994415283,0.08704161643981934,0.06919197738170624,0.02519095130264759,0.06019841507077217,0.07276446372270584,0.15895092487335205,0.06275072693824768,0.10847171396017075,0.1740088313817978,0.06585875153541565,0.19301071763038635,0.1218697726726532,0.11371725052595139,0.049148865044116974,0.05731458589434624,0.11331643909215927,0.12353375554084778,0.1120394766330719,0.18967008590698242,0.17526941001415253,0.20040461421012878,0.13111090660095215,0.11901470273733139,0.15860119462013245,0.15044063329696655,0.06927088648080826,0.12038187682628632,0.06547973304986954,0.009999999776482582,0.08705739676952362,0.13029852509498596,0.17376714944839478,0.20966587960720062,0.058341410011053085,0.13228696584701538,0.1056964099407196,0.09929071366786957,0.11928828805685043,0.1434444785118103,0.13180029392242432,0.06386974453926086,0.33065667748451233,0.08096747100353241,0.030648939311504364,0.06486225128173828,0.05408531799912453,0.07819391041994095,0.0987199991941452,0.2356659322977066,0.163026824593544,0.11270411312580109,0.07321625202894211,0.13217712938785553,0.04378395155072212,0.05592179298400879,0.15994200110435486
2003-01-01,0.18373125791549683,0.053644463419914246,0.07279443740844727,0.04530815780162811,0.07802247256040573,0.14649717509746552,0.257654070854187,0.12087277323007584,0.19110417366027832,0.10575621575117111,0.0744490772485733,0.06781695783138275,0.10821402817964554,0.09756708145141602,0.11992465704679489,0.11543522030115128,0.1832561492919922,0.11309099942445755,0.22694818675518036,0.06237407773733139,0.1495794802904129,0.09315594285726547,0.2913013994693756,0.0854852944612503,0.06763684749603271,0.022516928613185883,0.060629092156887054,0.07491666078567505,0.1506449580192566,0.05555012449622154,0.10947597771883011,0.1634693294763565,0.06912094354629517,0.1770244836807251,0.12129124999046326,0.11160225421190262,0.04857459291815758,0.058564912527799606,0.11479181796312332,0.11590542644262314,0.13155296444892883,0.20117932558059692,0.18028011918067932,0.20991508662700653,0.12403183430433273,0.12413540482521057,0.2699550688266754,0.12668755650520325,0.06689473241567612,0.12049263715744019,0.06177392974495888,0.009999999776482582,0.0890592634677887,0.12918499112129211,0.1739947646856308,0.22415781021118164,0.056854307651519775,0.12328403443098068,0.11235608905553818,0.1015680804848671,0.1452089101076126,0.14614082872867584,0.13233107328414917,0.06310660392045975,0.34255251288414,0.08308737725019455,0.033368878066539764,0.06586867570877075,0.05842994526028633,0.14427244663238525,0.09913808107376099,0.2524900436401367,0.163507342338562,0.11519504338502884,0.07556955516338348,0.14496876299381256,0.04210441932082176,0.04828676953911781,0.1324215680360794
2004-01-01,0.1841956228017807,0.050052329897880554,0.07661716639995575,0.044614940881729126,0.08328992873430252,0.16447383165359497,0.26909884810447693,0.12462984025478363,0.2006034553050995,0.11441341787576675,0.0752202719449997,0.1245323047041893,0.13273590803146362,0.10209395736455917,0.1262744814157486,0.11995145678520203,0.1736939698457718,0.11572955548763275,0.22831301391124725,0.06649769097566605,0.14544282853603363,0.08188446611166,0.34136179089546204,0.08711335808038712,0.06797245889902115,0.02852468565106392,0.06490495800971985,0.08042856305837631,0.14531579613685608,0.0602540597319603,0.11177638173103333,0.15246954560279846,0.07577527314424515,0.16059766709804535,0.12415730208158493,0.10999555140733719,0.04974586144089699,0.060750678181648254,0.12285485118627548,0.12036954611539841,0.1253519356250763,0.21867339313030243,0.171951562166214,0.21235769987106323,0.1294836550951004,0.12184266746044159,0.29203593730926514,0.1425572782754898,0.069939985871315,0.1137487143278122,0.04512334614992142,0.009999999776482582,0.09983018040657043,0.1324995756149292,0.179477721452713,0.2047235518693924,0.05748697742819786,0.12045679241418839,0.13241605460643768,0.09885355830192566,0.1497119665145874,0.17612992227077484,0.14234666526317596,0.06164368614554405,0.3357287645339966,0.0864892452955246,0.04476102069020271,0.06376779079437256,0.06006724759936333,0.17142195999622345,0.10284602642059326,0.2507414221763611,0.14379467070102692,0.11032979935407639,0.0758022889494896,0.15024954080581665,0.06001167744398117,0.04227595776319504,0.12336276471614838
2005-01-01,0.18067355453968048,0.050718795508146286,0.07960526645183563,0.04712280258536339,0.08443934470415115,0.15796923637390137,0.28508955240249634,0.12193595618009567,0.19043555855751038,0.11432203650474548,0.07725808769464493,0.18428346514701843,0.15088419616222382,0.10244248807430267,0.1298753321170807,0.12467243522405624,0.17217892408370972,0.10677364468574524,0.22359907627105713,0.06584713608026505,0.1385072022676468,0.07469166070222855,0.31795620918273926,0.0811244547367096,0.06657826155424118,0.0434400737285614,0.06588414311408997,0.07881920784711838,0.14898383617401123,0.054366957396268845,0.11819043010473251,0.15459373593330383,0.08581588417291641,0.15009906888008118,0.12098008394241333,0.10463998466730118,0.051016516983509064,0.059632807970047,0.12169501185417175,0.1313782036304474,0.1507616937160492,0.20535340905189514,0.17106221616268158,0.20217011868953705,0.13211172819137573,0.1174377053976059,0.29675766825675964,0.13751138746738434,0.07490572333335876,0.10765042155981064,0.04279894754290581,0.009999999776482582,0.11222540587186813,0.12851645052433014,0.18609538674354553,0.2050645500421524,0.05419175326824188,0.11412870138883591,0.1213197410106659,0.10409317165613174,0.14483381807804108,0.1848885416984558,0.14553266763687134,0.06098033860325813,0.3291972875595093,0.08561059832572937,0.04044734686613083,0.06778355687856674,0.057286545634269714,0.1663837432861328,0.11066455394029617,0.25664135813713074,0.14975304901599884,0.10952995717525482,0.0762384831905365,0.14238996803760529,0.08421390503644943,0.04445191100239754,0.11674636602401733
2006-01-01,0.18180714547634125,0.05111265182495117,0.08330324292182922,0.052147310227155685,0.08173816651105881,0.1695852279663086,0.2732204794883728,0.12410344183444977,0.20392504334449768,0.1171068623661995,0.07125939428806305,0.17254267632961273,0.18121583759784698,0.108889639377594,0.12540793418884277,0.1293567568063736,0.17463387548923492,0.10436723381280899,0.23316945135593414,0.06524229049682617,0.1500922441482544,0.0639784187078476,0.2946803569793701,0.0797976478934288,0.06452684104442596,0.03851984441280365,0.07087992131710052,0.078435979783535,0.15048669278621674,0.0464254766702652,0.1287403702735901,0.14477355778217316,0.08252773433923721,0.1388256847858429,0.12061391770839691,0.1016625165939331,0.04997774958610535,0.05797126889228821,0.16163936257362366,0.1367843598127365,0.16011865437030792,0.2137031853199005,0.16170333325862885,0.20748913288116455,0.13652224838733673,0.11706216633319855,0.3179567754268646,0.16432374715805054,0.07980077713727951,0.09986890107393265,0.04022085666656494,0.009999999776482582,0.117226243019104,0.12961804866790771,0.19920305907726288,0.2049180269241333,0.05615786090493202,0.10966681689023972,0.1328572779893875,0.1308029741048813,0.13786457479000092,0.19534625113010406,0.13925999402999878,0.060118239372968674,0.3178493082523346,0.08970093727111816,0.045653585344552994,0.06624705344438553,0.05740178003907204,0.2227945178747177,0.113983653485775,0.24816837906837463,0.14285710453987122,0.10403076559305191,0.0731375515460968,0.14069418609142303,0.09006104618310928,0.0559447705745697,0.11108358204364777
2007-01-01,0.1911611407995224,0.04796702414751053,0.08404713124036789,0.04496306553483009,0.08212760090827942,0.1750859022140503,0.25645843148231506,0.12917503714561462,0.2083570510149002,0.11369491368532181,0.06562522798776627,0.16051901876926422,0.17041151225566864,0.11293622851371765,0.13349799811840057,0.13166911900043488,0.1755436509847641,0.10250280052423477,0.2329285889863968,0.05647275969386101,0.15916292369365692,0.056909557431936264,0.32539185881614685,0.08411233127117157,0.06586718559265137,0.0433485209941864,0.07194560021162033,0.079376719892025,0.16072329878807068,0.05131193995475769,0.12806496024131775,0.1426735520362854,0.09434839338064194,0.1382247507572174,0.12162270396947861,0.10036826878786087,0.04845743626356125,0.057664815336465836,0.13952837884426117,0.12455606460571289,0.16543930768966675,0.21446962654590607,0.16442972421646118,0.2005975842475891,0.13785019516944885,0.11842965334653854,0.3554765582084656,0.18441805243492126,0.08078724145889282,0.09941046684980392,0.06221340224146843,0.009999999776482582,0.10187595337629318,0.15944044291973114,0.19867576658725739,0.20932820439338684,0.06125990301370621,0.11115577071905136,0.16194964945316315,0.1353258490562439,0.14125613868236542,0.19150976836681366,0.1359315812587738,0.0632597878575325,0.313205361366272,0.08650391548871994,0.053982701152563095,0.06885140389204025,0.05681324005126953,0.2488279789686203,0.11709774285554886,0.2376193106174469,0.1443031281232834,0.10090317577123642,0.07224492728710175,0.14425256848335266,0.08933907002210617,0.06182171776890755,0.10445114970207214
2008-01-01,0.1840084344148636,0.052043367177248,0.07700703293085098,0.043507855385541916,0.07062289118766785,0.198332279920578,0.22205179929733276,0.12551015615463257,0.18192526698112488,0.11301245540380478,0.06565812975168228,0.15969616174697876,0.1317666620016098,0.10673125088214874,0.1266407072544098,0.13265620172023773,0.16468940675258636,0.0955556184053421,0.28032636642456055,0.05327136442065239,0.147545725107193,0.051723554730415344,0.32149574160575867,0.07645400613546371,0.061430640518665314,0.045938219875097275,0.0655680000782013,0.07878066599369049,0.16040189564228058,0.06555569916963577,0.11230333149433136,0.12973906099796295,0.08365628868341446,0.1260278820991516,0.12090228497982025,0.09381894022226334,0.04526525363326073,0.0497373528778553,0.13027693331241608,0.15306715667247772,0.14771780371665955,0.21716679632663727,0.16760148108005524,0.1927713006734848,0.13372623920440674,0.11780177056789398,0.36800339818000793,0.17027756571769714,0.07596338540315628,0.08983082324266434,0.0748174861073494,0.03289493918418884,0.10734858363866806,0.17571315169334412,0.1905592530965805,0.20487211644649506,0.0560370609164238,0.09925046563148499,0.14286348223686218,0.11840710043907166,0.14008787274360657,0.15936821699142456,0.11985030025243759,0.06436193734407425,0.2828439176082611,0.07807151228189468,0.04600116237998009,0.05670851096510887,0.054385509341955185,0.30418461561203003,0.1221814826130867,0.21925678849220276,0.13207565248012543,0.09765481948852539,0.07001407444477081,0.1447252780199051,0.11293451488018036,0.04714110121130943,0.09855711460113525
2009-01-01,0.1528000682592392,0.048906296491622925,0.06551764160394669,0.03731779009103775,0.06378950923681259,0.18736442923545837,0.19181200861930847,0.11383355408906937,0.20145408809185028,0.11114421486854553,0.04622964933514595,0.1077483668923378,0.11206826567649841,0.10134807974100113,0.10903563350439072,0.12217065691947937,0.15286237001419067,0.08150442689657211,0.2908393442630768,0.04583210498094559,0.1377299576997757,0.03745559602975845,0.3077789545059204,0.05858444422483444,0.054424989968538284,0.0330866277217865,0.0543077327311039,0.0733046755194664,0.1625950038433075,0.06571166217327118,0.11086730659008026,0.10409419983625412,0.076331727206707,0.12360510230064392,0.13252267241477966,0.08243697881698608,0.04158905893564224,0.04456271976232529,0.1323159784078598,0.15944403409957886,0.1197400838136673,0.1800573617219925,0.14853473007678986,0.18474172055721283,0.11115281283855438,0.11204764991998672,0.38925689458847046,0.14599290490150452,0.06203965097665787,0.09000611305236816,0.07255396246910095,0.022949745878577232,0.0737752914428711,0.1687866896390915,0.17030443251132965,0.19157272577285767,0.0542583204805851,0.09694776684045792,0.14370113611221313,0.10618730634450912,0.15121765434741974,0.1496988981962204,0.11391482502222061,0.06444749981164932,0.28695908188819885,0.06892421096563339,0.02824755758047104,0.059345223009586334,0.05463197082281113,0.10916493088006973,0.11032743752002716,0.2000337392091751,0.1417335569858551,0.08788064867258072,0.07185716927051544,0.14221902191638947,0.06967127323150635,0.05136274918913841,0.16881924867630005
2010-01-01,0.17736922204494476,0.051180653274059296,0.06619518995285034,0.06241985410451889,0.07000277191400528,0.21379418671131134,0.20396366715431213,0.12636353075504303,0.19553212821483612,0.11311671882867813,0.05499085783958435,0.10031349211931229,0.12637805938720703,0.1012067198753357,0.1051412895321846,0.1307286024093628,0.16323599219322205,0.08278103172779083,0.31007620692253113,0.05796433612704277,0.14771468937397003,0.030310407280921936,0.29786473512649536,0.06590951234102249,0.05478702858090401,0.05115872994065285,0.059247806668281555,0.07482804358005524,0.15921945869922638,0.06360486894845963,0.11858149617910385,0.10380662977695465,0.09499335289001465,0.13958287239074707,0.13597124814987183,0.08251636475324631,0.04509325698018074,0.050197143107652664,0.11013283580541611,0.13639336824417114,0.14537572860717773,0.19462288916110992,0.16382291913032532,0.1852303296327591,0.12046682834625244,0.10736390948295593,0.3207883834838867,0.1473207175731659,0.06516978144645691,0.09170914441347122,0.08254805952310562,0.060147907584905624,0.08165693283081055,0.16936632990837097,0.1881856620311737,0.18443797528743744,0.05529987812042236,0.10573802143335342,0.11812615394592285,0.10286327451467514,0.1513727754354477,0.18558822572231293,0.11746667325496674,0.06319428235292435,0.26591843366622925,0.07779654115438461,0.043437644839286804,0.06763467192649841,0.05982646718621254,0.1836368292570114,0.11338063329458237,0.20407040417194366,0.14900417625904083,0.09352651238441467,0.07634655386209488,0.15198661386966705,0.11175350844860077,0.05872509628534317,0.17365413904190063
2011-01-01,0.1738215535879135,0.05189000442624092,0.06676211208105087,0.06385371834039688,0.06747129559516907,0.2104734182357788,0.22619327902793884,0.12774452567100525,0.20085246860980988,0.11930113285779953,0.05980389565229416,0.09060033410787582,0.1269630342721939,0.10021493583917618,0.09657952934503555,0.14571209251880646,0.16153311729431152,0.0861782506108284,0.29259127378463745,0.05831364914774895,0.14301346242427826,0.027426626533269882,0.27845656871795654,0.0656658262014389,0.053963933140039444,0.08125612139701843,0.06041538342833519,0.06611767411231995,0.17060725390911102,0.060704004019498825,0.11209417879581451,0.10952150076627731,0.10429783165454865,0.1532411426305771,0.1351301521062851,0.08188915997743607,0.04652009159326553,0.04610734432935715,0.12027088552713394,0.13528992235660553,0.15064828097820282,0.20058859884738922,0.14571072161197662,0.1841764599084854,0.12567675113677979,0.10832525044679642,0.2730471193790436,0.14848767220973969,0.06675832718610764,0.09475839138031006,0.073611319065094,0.07016782462596893,0.08606187254190445,0.1625363528728485,0.19636613130569458,0.1723175346851349,0.05517541617155075,0.09810475260019302,0.12239760160446167,0.09746428579092026,0.1401844471693039,0.1883992701768875,0.11919549852609634,0.06535576283931732,0.25771063566207886,0.07746610790491104,0.03492879122495651,0.06741724908351898,0.05665037781000137,0.18298879265785217,0.0988093838095665,0.21186965703964233,0.14083851873874664,0.09565732628107071,0.07538990676403046,0.15204474329948425,0.12991105020046234,0.07465320080518723,0.18424521386623383
2012-01-01,0.14946268498897552,0.04819060489535332,0.06382083147764206,0.056713227182626724,0.06496985256671906,0.2136106938123703,0.20223897695541382,0.11840987205505371,0.1860606074333191,0.12831173837184906,0.05503735691308975,0.11465036869049072,0.12475454062223434,0.09242087602615356,0.08770281076431274,0.1419917494058609,0.1611834317445755,0.08352262526750565,0.3131145238876343,0.06011965870857239,0.13889546692371368,0.024519219994544983,0.3432917296886444,0.05783815309405327,0.051552824676036835,0.10072874277830124,0.05570201575756073,0.06652283668518066,0.16847358644008636,0.059939220547676086,0.1103040874004364,0.1083754152059555,0.0670236349105835,0.15163731575012207,0.13405340909957886,0.07722779363393784,0.04607212170958519,0.04768839851021767,0.1370050609111786,0.14035455882549286,0.13700830936431885,0.1921507716178894,0.14220651984214783,0.18117375671863556,0.12770292162895203,0.10027260333299637,0.2471611499786377,0.15995711088180542,0.06587761640548706,0.09283161163330078,0.10218346118927002,0.08546347916126251,0.08697482943534851,0.1591349095106125,0.18161165714263916,0.17877337336540222,0.058122675865888596,0.0938250720500946,0.12795111536979675,0.09477045387029648,0.14091986417770386,0.18303145468235016,0.11554823815822601,0.07038356363773346,0.2557730972766876,0.0703212171792984,0.038993000984191895,0.07073256373405457,0.06184660270810127,0.22089622914791107,0.10127590596675873,0.2005275934934616,0.13032323122024536,0.09701047092676163,0.07503750920295715,0.14475969970226288,0.12763991951942444,0.0665508285164833,0.28163623809814453
2013-01-01,0.1341828852891922,0.04729454964399338,0.06064261496067047,0.05711240693926811,0.0640433058142662,0.2180902063846588,0.210064098238945,0.11816759407520294,0.15830352902412415,0.13307632505893707,0.055645860731601715,0.1052880734205246,0.12385016679763794,0.086602583527565,0.08287157863378525,0.1406933218240738,0.1545933485031128,0.08176184445619583,0.3546749949455261,0.06127309054136276,0.1396247297525406,0.03442040830850601,0.32965967059135437,0.057689595967531204,0.051428087055683136,0.09932591021060944,0.05450335517525673,0.0690746009349823,0.17545853555202484,0.06254725903272629,0.11130032688379288,0.11156243085861206,0.07419481873512268,0.15182337164878845,0.1393928974866867,0.07731437683105469,0.04458798095583916,0.04930824413895607,0.1501048505306244,0.1343534290790558,0.13896584510803223,0.1846054345369339,0.1499219387769699,0.18331874907016754,0.12658344209194183,0.1014837995171547,0.1880550980567932,0.1315460354089737,0.06610733270645142,0.0950232595205307,0.09859607368707657,0.10075978934764862,0.08276435732841492,0.16537590324878693,0.17079341411590576,0.18325836956501007,0.061581097543239594,0.09397220611572266,0.13670112192630768,0.08417796343564987,0.14928454160690308,0.17274683713912964,0.10980947315692902,0.07549429684877396,0.23856091499328613,0.06897083669900894,0.04748036339879036,0.07766326516866684,0.06090640276670456,0.3887547552585602,0.10409127920866013,0.20689739286899567,0.13358743488788605,0.09355238080024719,0.07517100125551224,0.14124684035778046,0.10714907199144363,0.08433055877685547,0.28117793798446655
2014-01-01,0.12507089972496033,0.04136710986495018,0.06139356642961502,0.053642481565475464,0.06684207916259766,0.20051756501197815,0.2233004868030548,0.1161406934261322,0.15838997066020966,0.13872916996479034,0.05733560025691986,0.09905118495225906,0.11734368652105331,0.0834522694349289,0.08197414875030518,0.13428063690662384,0.15224650502204895,0.08140704035758972,0.3601088523864746,0.06500951945781708,0.14827245473861694,0.03711889311671257,0.33406123518943787,0.059687256813049316,0.05083831027150154,0.08538935333490372,0.05633983388543129,0.06881280243396759,0.17915622889995575,0.06646010279655457,0.11405415832996368,0.10829579085111618,0.07553689926862717,0.16240952908992767,0.14062029123306274,0.0788300409913063,0.04423205927014351,0.0484296977519989,0.16191282868385315,0.12109818309545517,0.14512042701244354,0.1868763417005539,0.16876749694347382,0.1849127858877182,0.1309390664100647,0.10243603587150574,0.1588238626718521,0.1294049620628357,0.06836514919996262,0.0979408323764801,0.09568557888269424,0.11383035033941269,0.07632388919591904,0.16743671894073486,0.15517683327198029,0.18538695573806763,0.0625285729765892,0.0917704775929451,0.1466834843158722,0.08481451123952866,0.15244674682617188,0.16423700749874115,0.10370080918073654,0.07648274302482605,0.22471313178539276,0.07131676375865936,0.04393688961863518,0.08083382993936539,0.05780903249979019,0.3991141617298126,0.11043377965688705,0.1940278857946396,0.13201557099819183,0.09962749481201172,0.07357721775770187,0.1416921317577362,0.06690928339958191,0.08125454187393188,0.29932352900505066
2015-01-01,0.1321757733821869,0.038260430097579956,0.06180829927325249,0.053406938910484314,0.07239750027656555,0.17660240828990936,0.20005196332931519,0.10271821916103363,0.16678552329540253,0.14186999201774597,0.04609111323952675,0.12939949333667755,0.11503113806247711,0.0863964706659317,0.08302692323923111,0.12259425967931747,0.15752363204956055,0.08432755619287491,0.3754807114601135,0.0659901425242424,0.17172525823116302,0.03547188639640808,0.324307918548584,0.06243281066417694,0.05311974510550499,0.09455377608537674,0.05612604320049286,0.07225826382637024,0.17970415949821472,0.07161420583724976,0.12702739238739014,0.10796023160219193,0.06820137053728104,0.24743017554283142,0.14359192550182343,0.0799417719244957,0.04361273720860481,0.051974210888147354,0.1674315333366394,0.1274639070034027,0.1472683697938919,0.17823480069637299,0.18220265209674835,0.18580196797847748,0.12661723792552948,0.10589735209941864,0.15135160088539124,0.13610991835594177,0.07225852459669113,0.09543464332818985,0.09484130144119263,0.12336026132106781,0.06483776122331619,0.1681704968214035,0.14446766674518585,0.1934356838464737,0.06615878641605377,0.09319101274013519,0.1544942706823349,0.08690689504146576,0.15449392795562744,0.16496022045612335,0.10104455798864365,0.07841094583272934,0.22579994797706604,0.07741352915763855,0.039711371064186096,0.08634946495294571,0.06334270536899567,0.3048892021179199,0.11284878849983215,0.18997913599014282,0.1182122603058815,0.09916504472494125,0.07393274456262589,0.13388074934482574,0.0132572827860713,0.08961740136146545,0.2975970506668091
2016-01-01,0.13636933267116547,0.045623451471328735,0.06313329190015793,0.05276377499103546,0.07510983943939209,0.17769969999790192,0.2132778912782669,0.10467928647994995,0.1720680594444275,0.14733348786830902,0.04752931743860245,0.08603858947753906,0.11657846719026566,0.08629901707172394,0.08355216681957245,0.12138684093952179,0.16811388731002808,0.09426067769527435,0.3867676258087158,0.06577493995428085,0.1925836205482483,0.03534778580069542,0.3175840377807617,0.0637701153755188,0.052311453968286514,0.11451859772205353,0.05700789764523506,0.07011871039867401,0.18077880144119263,0.06975290179252625,0.1299082189798355,0.10921996831893921,0.08260276168584824,0.20784807205200195,0.1437925398349762,0.08230766654014587,0.042720139026641846,0.050807055085897446,0.1807984709739685,0.1430249959230423,0.15552309155464172,0.17735180258750916,0.17047162353992462,0.19134923815727234,0.12712480127811432,0.10643690824508667,0.1522861272096634,0.13854898512363434,0.07207901030778885,0.09305668622255325,0.08882429450750351,0.11736921966075897,0.05821610242128372,0.16620588302612305,0.14555098116397858,0.2018326371908188,0.06746309995651245,0.09434977173805237,0.15981541574001312,0.07058526575565338,0.16767805814743042,0.16636960208415985,0.09778721630573273,0.08082590252161026,0.21553030610084534,0.07399474829435349,0.03829510882496834,0.08678026497364044,0.07351179420948029,0.31980812549591064,0.1178617849946022,0.16712717711925507,0.1135297417640686,0.09843580424785614,0.07439447939395905,0.13129431009292603,0.012915019877254963,0.09233327955007553,0.3002716302871704
2017-01-01,0.1401563584804535,0.04742613434791565,0.06221562623977661,0.030894216150045395,0.07415459305047989,0.1878068447113037,0.19862094521522522,0.11132140457630157,0.16553330421447754,0.1446966975927353,0.051723796874284744,0.13636450469493866,0.12037897109985352,0.08348336070775986,0.08348125964403152,0.12155796587467194,0.16734200716018677,0.09291999042034149,0.40216735005378723,0.06749756634235382,0.17236509919166565,0.039463311433792114,0.32370033860206604,0.06875269114971161,0.0511527918279171,0.12280067801475525,0.05550817400217056,0.07311257719993591,0.18515661358833313,0.06297126412391663,0.12929099798202515,0.11353865265846252,0.0905802771449089,0.2070898562669754,0.13887907564640045,0.08296942710876465,0.041924361139535904,0.051305823028087616,0.1754678189754486,0.11772490292787552,0.14673255383968353,0.18453820049762726,0.18278691172599792,0.19425654411315918,0.1285901814699173,0.1094992533326149,0.15124629437923431,0.14669004082679749,0.0754549652338028,0.09447422623634338,0.0915452241897583,0.11457766592502594,0.06639034301042557,0.1726524531841278,0.15059317648410797,0.19745738804340363,0.06732458621263504,0.09333346784114838,0.1582837849855423,0.06936417520046234,0.1599273830652237,0.17231352627277374,0.10028756409883499,0.08209826052188873,0.21661970019340515,0.07285706698894501,0.03716022148728371,0.08590995520353317,0.0793512836098671,0.3459644615650177,0.12146587669849396,0.17427536845207214,0.09726089239120483,0.09564889967441559,0.07355546206235886,0.12220060080289841,0.009999999776482582,0.1060938611626625,0.31434306502342224
2018-01-01,0.13910797238349915,0.050387777388095856,0.061559561640024185,0.03568705543875694,0.07143724709749222,0.1981382817029953,0.19545306265354156,0.10972568392753601,0.19869638979434967,0.15187415480613708,0.05135103315114975,0.16607610881328583,0.122190460562706,0.08038826286792755,0.0832461267709732,0.12177672237157822,0.16225223243236542,0.0910603478550911,0.4186975657939911,0.0648529902100563,0.16785971820354462,0.041469376534223557,0.3318840563297272,0.0661919116973877,0.0503811240196228,0.13920387625694275,0.05141953006386757,0.07235652208328247,0.1865437775850296,0.058098021894693375,0.12956924736499786,0.11580543220043182,0.09356870502233505,0.21924622356891632,0.13247865438461304,0.08169028162956238,0.04247291386127472,0.04970162734389305,0.16329725086688995,0.1263016164302826,0.147152379155159,0.18606463074684143,0.1832246333360672,0.19168858230113983,0.12534816563129425,0.10937745869159698,0.09395110607147217,0.1569545865058899,0.07580039650201797,0.09138516336679459,0.09644360095262527,0.08951934427022934,0.07256689667701721,0.16681207716464996,0.14925336837768555,0.18473325669765472,0.06451158970594406,0.08986083418130875,0.15913310647010803,0.0666777491569519,0.16469992697238922,0.1753276139497757,0.10087238252162933,0.08106371760368347,0.20231977105140686,0.06980662047863007,0.04178980365395546,0.0819779559969902,0.08321426063776016,0.4829523265361786,0.12530308961868286,0.16573885083198547,0.08741728961467743,0.0934755727648735,0.07446857541799545,0.11991065740585327,0.009999999776482582,0.07476098090410233,0.33906289935112
2019-01-01,0.1284676492214203,0.04923151433467865,0.06083815544843674,0.026377256959676743,0.07052543759346008,0.19282492995262146,0.18687790632247925,0.11054371297359467,0.2042938470840454,0.14915674924850464,0.05102670565247536,0.1260165572166443,0.11594605445861816,0.07736127823591232,0.08394984900951385,0.12122340500354767,0.1587817221879959,0.08897069096565247,0.3935471773147583,0.06581593304872513,0.16301500797271729,0.03901001065969467,0.32717442512512207,0.06409316509962082,0.04954421520233154,0.14451028406620026,0.049582984298467636,0.075682632625103,0.1875663846731186,0.05798165500164032,0.12933607399463654,0.10990986973047256,0.09327701479196548,0.19853435456752777,0.13433685898780823,0.08141395449638367,0.04063563421368599,0.04952116310596466,0.1617090106010437,0.12887422740459442,0.14824140071868896,0.18362009525299072,0.18326009809970856,0.18780335783958435,0.12271158397197723,0.11254129558801651,0.09202420711517334,0.1606098860502243,0.07541926950216293,0.08903555572032928,0.09791721403598785,0.06378883123397827,0.06750881671905518,0.14382246136665344,0.1456611305475235,0.17549647390842438,0.063745878636837,0.08379585295915604,0.16073662042617798,0.06644795089960098,0.15367643535137177,0.16799820959568024,0.09944324940443039,0.07874171435832977,0.18880097568035126,0.06973101943731308,0.04064549133181572,0.07866785675287247,0.08370845019817352,0.4121955335140228,0.12078329920768738,0.16004173457622528,0.08151637017726898,0.09218212962150574,0.07287147641181946,0.11474914848804474,0.009999999776482582,0.07109428942203522,0.2905745804309845
