year,Argentina,Australia,Austria,Belgium,Bolivia (Plurinational State of),Brazil,Burkina Faso,Canada,Chile,China,Colombia,Costa Rica,Cyprus,Denmark,Dominican Republic,Ecuador,Egypt,Finland,France,Germany,Greece,Guatemala,Iceland,India,Iran (Islamic Republic of),Ireland,Israel,Italy,Jamaica,Japan,Jordan,Kenya,Luxembourg,Malaysia,Malta,Mauritius,Mexico,Morocco,Netherlands,New Zealand,Nigeria,Norway,Paraguay,Peru,Philippines,Portugal,Republic of Korea,South Africa,Spain,Sri Lanka,Sweden,Switzerland,Taiwan,Thailand,Trinidad and Tobago,Turkey,United Kingdom,United States,Uruguay,Venezuela (Bolivarian Republic of),Zambia,Zimbabwe
1960-01-01,13550.964569396194,157783.35851539558,49957.2208854734,135606.390155305,9459.668665752786,17123.05261182033,903.1244161576172,125873.245421198,34432.236678503985,2339.5807251424803,80336.98158851758,27182.044992247138,146818.78286559513,101733.85958930248,23794.48586694012,40343.57148378405,988.68939055551,88681.62548698041,115910.3391635867,90003.61587128407,66979.50233068338,10869.868924204804,149221.75726497459,6232.9399179651655,36210.189204355614,36715.69764140052,91120.6401900446,75084.54223878642,63588.55295922406,28678.47527909416,14053.920596370923,8858.551386168805,161096.20858271094,32850.97949486985,17328.893967317726,18997.921201900524,64547.33656950641,7381.010665492298,137034.39626826358,75451.29644201866,20783.331111539504,128324.69290919867,8737.50795315631,13088.141375878462,16889.659958103297,28631.223723012536,30179.764577855225,30801.93335171795,44163.5889957792,10605.959135715599,97619.02766327863,152755.5730748046,9635.291803183074,5795.018138492027,32796.593598471314,27366.59270191441,87708.88320673634,207081.14051550956,35382.92468510854,78454.5145101916,15035.728095628077,8190.881404081197
1961-01-01,14402.657145356625,161055.06538918166,52458.292976913915,139320.3520778529,9570.318637931607,17753.846796945167,914.3817657132024,130376.39731822383,35760.86362559363,2449.314254769481,83368.59694360134,27650.330612381113,148451.1035758467,105655.14688034912,19789.440022128743,41643.73524268137,1079.3567738061645,93252.09920082845,121476.19630441027,96553.70337962768,69295.16933397239,10940.638168621948,153823.05096021117,6648.306808818992,37912.436947532784,38389.71433472219,94166.35786648886,79845.85855228406,64472.91663934113,31607.885057648167,14731.78337005204,8686.251007817222,167750.9381556018,33306.54158082194,17918.543460571225,19388.94135744212,66148.25273312714,8258.429123276306,142492.22849825074,77666.59508657372,22030.660692490746,130934.87771623794,8970.23886336337,13423.735366898469,16396.232927175017,31035.575078338814,28826.84954937056,31779.663608635903,46084.51347082391,10764.352983760014,101491.89302773077,154394.90186986543,9930.774809987222,5987.957786720112,34339.83032085643,28766.663821567876,90992.89864250098,213872.76178425853,36832.751022527045,77944.22411614515,14894.636676837257,7873.966628379728
1962-01-01,14971.59947355953,163116.15222190288,55037.99013447723,142208.7426352822,10109.12807238643,18387.850891875998,932.1390343927005,132892.17619186657,36382.436788545594,2470.3358071099365,85898.55372190976,28348.055757990853,156696.14124229486,110176.55287393118,22511.518187259095,42830.959288441765,1124.9863231074928,99469.71417125817,128225.26347842884,103815.57926576398,72291.24526303138,11019.733389189512,156980.056698693,7045.6415520235805,40196.33849643615,39866.47901862894,97079.68249012831,85875.43674998144,65181.17401441049,34629.59884929494,15378.910717969855,8536.669010720618,176690.46469074106,34282.87897702611,18591.729739947576,19493.65245273439,68680.0339875254,7302.199089632966,147473.53182734703,79047.44624725205,23105.99867831878,133998.94973868452,8997.35186612349,13862.227416464879,16448.32425302664,33209.99332024868,28180.044824082,32698.320702809284,49336.029110482115,10931.907424309089,105569.83723155143,156795.8730390387,10245.312598791157,6333.69390372579,35933.73889696048,30612.590213499498,93947.01005563824,218421.84247097446,38606.984860292316,77823.97365061818,14774.274078515364,7529.057083883334
1963-01-01,15252.371207851516,165588.71414287534,57682.082916834115,145933.67829012792,10508.169451482287,18752.1303612391,945.5014469444833,136008.31000011027,37000.35103947828,2493.822128632786,87018.61405806597,28939.463365000458,160981.6114437761,113438.2000659998,22910.418731560243,43878.1654297996,1177.474802334297,103678.0055575426,134472.22958297728,110675.29669863835,76974.85951297908,11344.706473126867,163773.41759447032,7456.249726128678,42680.69239679871,41801.62468137166,99568.58895289173,93445.26697654236,65191.3795180058,38056.20515551426,15938.456467986829,8469.188271088344,186318.20397460894,35223.258494720656,19273.535685772033,20125.891645872023,71858.17622456492,7287.283446457349,152894.74004295445,81488.65385942826,23762.82697490496,137159.45589162523,9074.84822789577,14177.336253588186,16777.095019257,35884.845362650485,27952.8465001803,34144.92888152596,52874.17514619699,11164.15279317867,109716.87145974068,162097.83444268123,10702.102142785874,6813.004571022185,37023.800957836436,32227.89076493806,97634.04779180186,223626.2808242648,38874.77821078315,77624.35764134942,14498.793462436479,7200.809244792907
1964-01-01,15814.159102053087,168502.3327201113,60993.448280601464,150475.5504980453,10950.333567232212,19210.775664096447,959.5389800029002,137990.67062703718,39344.446004042555,2526.5914755177682,89836.27587360864,29065.738835873934,161952.8471159352,118045.16086339642,23492.361021342065,44898.37282078527,1252.350804918117,108829.27589719894,141149.97978353666,118683.63918891562,82681.24540053346,11825.28213040369,164716.48205032898,8006.811713445951,46549.314174029125,44039.90421529869,104059.57794276015,98929.18547248804,65497.05901061089,41857.674783201444,16871.25020767264,8311.066142710662,193774.97349894416,36100.68959952889,20465.68769487618,20101.400791238488,75236.62832058237,7823.296510028197,159849.68780716666,83721.64666253323,24750.38248287955,140568.4890621726,9055.761454849378,14477.454619707634,16990.81655180463,38673.24107290882,27863.59566725894,35636.08586594764,56736.93485167198,11340.284915960458,113702.97746781238,168080.12091826837,11416.232203303636,7247.744490296835,37591.81630020048,33838.94224270282,102366.26834235144,227495.03971705152,40963.957146203335,78989.11689137311,14115.451879929144,6922.497511176583
1965-01-01,16349.542487831675,170451.44408194078,64114.75608087148,155980.0312156784,11250.428501061102,19780.005794440698,992.007057840678,140682.90714155484,41049.12083180898,2619.791651540532,90456.67363401674,29776.14158356464,166183.65944717903,123224.23352395828,20172.45619271652,45758.29920840938,1340.7071591061392,114443.5786933351,148425.616213241,126706.72419775932,89244.53046100306,12252.14993043176,170300.5714031354,8521.359598043555,51019.31462839725,46912.52145898945,107971.07936151375,105645.58106153656,66093.34991259855,45369.548200657104,17811.706264822995,8175.0942329070895,200895.9904876195,37025.8339782855,21443.653792096608,20482.01997069718,79629.00977225046,7903.142737037421,167991.43581117847,86825.01045350463,26267.355944101742,144525.3172600732,9340.349035585634,14839.746111137576,18499.352853383803,41980.801569829404,27003.69178922286,37501.05259356505,61013.391729304225,11403.395312799172,119103.1710057028,176501.48215245054,12457.202461738145,7720.127833504521,37413.097743015045,35390.11800784927,106821.46068611732,231735.7888809052,40931.1052760826,79957.3370277798,14320.716120074036,6653.548592175859
1966-01-01,16789.27293230994,171458.03831908785,68483.35470126434,162298.5792681382,11556.169926780494,20388.279316108532,1023.2439322889212,144779.0587132805,44379.07840822361,2731.653541936335,90386.89647657583,30365.70868713524,170742.44341889356,127639.41067161132,22194.277880070462,46880.658548092295,1350.3599399509055,120457.47104875461,155647.2365401789,134737.65577859897,96358.48799534657,12430.638501026671,179557.64834748328,9083.626818831719,56244.57808560093,49164.285517068776,111958.39273552565,112081.93329918402,66843.53473941331,49009.777500961296,18540.999303170876,8230.966367042434,206191.41595595164,38099.75532370759,22461.290456844992,20167.281171176295,83372.04377661365,8647.080320140425,177120.80944998443,89439.07787900032,28132.96113476484,149371.1276709336,9657.665167966175,15416.285923854442,18387.643071025108,45326.91204046808,27928.855065334275,39076.868360200926,65680.6855335642,11563.039139674935,124202.71994236734,183742.42944680495,13514.446146460547,8442.758028847524,39159.981214151834,37971.70204498139,111101.96751740768,234739.247686853,42105.41850899572,80391.4607254872,14593.958080634133,6423.991527266668
1967-01-01,17232.651163269293,173856.33616847446,73130.94316974809,169674.06209873117,11739.20782464602,20763.502961667054,1048.3973078355716,148964.98154305227,46199.21470002794,2703.619624322709,91500.94883276559,30977.706897262287,176645.87208333772,134387.3391766785,21417.334458530688,48727.49518686927,1436.505954365683,128184.70636297173,163804.23445534045,143370.2428185007,102982.26589103838,12803.150724116473,195515.54919978877,9597.993267734724,61640.04539602495,51679.82511695709,113822.61138213318,116397.11160236842,67895.2496071655,53751.58462927183,17511.630385350934,8371.755417357013,211728.62393932982,39183.40699695278,23752.741501070377,20513.310434732815,87359.41839691388,8493.789385541493,188862.16475005788,90159.98940253726,30941.49353607821,155296.96406992347,10090.198798524625,15872.429154736388,18582.903952200162,48609.771416343945,28549.158793859166,41218.523302633104,70140.85395614317,11774.511068737764,130783.23017484584,190361.31588785164,14510.41484094131,9182.45719770122,38258.17604544751,40853.9673167866,118374.9408144061,238523.38953053564,42080.955541070514,80928.97731774037,14958.967039253721,6230.281896733838
1968-01-01,17759.94124261063,177865.4373026619,77594.91680835177,176295.0154817348,11924.387729990305,21434.330533636006,1074.2690547435877,155989.7685094848,48625.353863419026,2671.8429332447563,93263.45838059658,31351.201897309627,182138.46645280262,140518.25491603895,21065.64766985835,50343.06743964944,1441.5904466873585,135418.05163315852,173693.9664162181,149949.04587328498,110536.2005406615,13453.286636348532,204861.67076557197,10002.282880945188,68973.01735142361,54561.13971294433,113787.78679816572,122498.35391934596,70171.31232514695,59761.42242417789,17616.744718976166,8615.873976943316,215609.5268275892,40285.47306058409,25608.608496945864,20492.706803327914,92969.91635458454,7606.925677958097,199648.5381825697,91982.79352590464,32025.157811244117,160367.95795623015,10395.391223338771,15862.690113769731,19666.08932932024,52021.18275354555,29430.202368328013,42856.842426559066,75050.54162920931,12103.691798156668,134451.2342072388,196402.8472721626,15774.630177943029,9976.752008668882,39770.287465035275,43953.58437008538,125432.1808613114,242990.75494080823,42403.274210944735,83005.7619407921,15384.054070803792,6068.591276167612
1969-01-01,18601.398234610864,182742.3063277315,81898.11597431866,180869.1902137377,12101.666071393864,22827.462672835078,1112.3707427938277,159247.91442534962,51222.09925288639,2653.725188966586,94543.84844489596,32059.7765300625,190656.409064386,146499.15083227042,21931.560095260553,51269.85017349379,1475.460297856982,139904.82222181035,181387.27975783465,156949.09277374647,120158.65689404066,13651.762517296274,208615.68936886668,10456.34526530056,75598.30811346884,58583.220983027895,116397.24153680044,130699.24263125184,72995.05218727521,67372.61322761828,19667.07313275214,8859.543823398973,218303.72289873674,41110.63087584809,27597.015582020435,20782.738681569313,96345.51213736404,8437.682633019453,197979.9347519193,95057.44382876562,32142.396348217775,162607.63909479443,10724.572890570866,15909.816756862218,21117.537297817504,55383.02368836847,30881.090171229684,45073.66374827324,80796.10707875078,12607.947912772426,137570.75742867062,200243.87814592835,17154.221408158333,10939.403013126841,38734.47617993336,47111.18224621101,131244.76082749685,246159.75395424085,43515.90528282049,84981.72070259576,15659.75399210877,5896.540675247007
1970-01-01,19532.25708307343,185224.8041019927,86966.61192658353,189646.1280195123,12349.957749145286,24272.9303862008,1154.7608658754293,167187.9358098477,54889.67444561957,2752.3375093920527,96295.72134449362,32991.308899505064,198149.6769640664,153613.35359398433,23046.66769810894,52529.44579523608,1495.6363251161906,147135.29133315082,189766.78234478476,166233.26588778847,130380.07896197223,14152.809232673128,208400.6698257487,10908.95224098641,79725.11791947017,63147.431948352365,121924.60024248519,141906.7756450152,77055.37123086792,76426.21320442311,20534.47626062589,9493.995921122594,223793.66594040836,42969.18018944321,29453.36919279922,20733.878141529753,99942.36517478626,8853.782997477521,207941.0119539056,96505.46556493572,34697.82946114962,166997.96739703382,11025.25368270175,15475.096794835748,21623.914791364758,58382.78329637247,31973.50521231607,47666.19715055847,85900.57346275555,13235.633117874375,142221.7411144148,207311.64712436593,18543.861213259654,12175.178036114106,40431.73111014777,50044.65764727014,137690.0590841683,252420.38461522525,44861.77666267861,89284.62389302305,15862.08082493512,5847.126569852883
1971-01-01,20568.920077506184,189826.13538723503,92219.20875243672,197258.0159871403,12462.293956703597,24995.446708515934,1329.6539905301017,171363.95064167268,57361.65395013128,2871.3740450529463,97976.96854293466,34055.25543287693,204017.82080040852,162338.51089589237,22991.54797752756,53004.704073046734,1524.6368137331522,157124.08326403113,199296.87139178196,171653.18371766806,139552.02817549888,14311.589212919856,211424.94353835203,10964.437875836215,85960.14821133115,66485.89248934569,128216.72137689313,150448.26988710838,80143.3441333291,84397.0204721083,21363.39844462151,9939.328724539799,227591.3396197055,44629.0916481165,31337.099521476197,19168.38103831475,100305.73862765031,8948.331163536242,214820.33956449202,98195.92780945312,38875.39802792487,174795.22026709985,11334.665020653207,15365.139570775566,19173.70526835516,61550.27674664928,32809.47068542126,51071.90291328345,90666.68881228939,13570.213385576224,149727.1696086229,215643.11406658238,20478.72313480536,13170.896925403471,43884.879250517,52612.19522712515,139516.65309773275,260130.7623846163,46739.5939488584,92568.60111860717,15609.655256600285,5742.093097829629
1972-01-01,21444.50116058562,195922.46219374487,98197.5592495719,206071.27315598974,12606.08090382081,26004.79164739175,1416.3955077720411,172425.55553207666,58535.53548265148,3011.3420240214136,96264.9125843725,35029.1717607752,210075.88637736964,168367.72135094975,25796.527700702834,53839.887378588704,1553.5437839614747,165782.56790374426,207301.03601964365,170246.30463139346,152890.3727620742,14389.411476128853,217790.41624194567,10750.59150880784,88986.59127315148,71995.07388520069,133242.17163225796,156558.43219471764,83097.73471067224,92081.39289541855,22514.860827970962,10496.203795321282,233415.6985391639,44904.11893649947,33288.651543518936,18464.780236225513,101958.43217522292,9116.597674257646,218301.1637230552,102117.81796247065,43020.817597532005,181291.8346071822,11733.725170034373,15194.406616164633,17477.62541127096,66746.2056064869,33341.534069468165,54579.4815187488,95898.1402899009,14081.131049066866,156152.20797055532,224139.67320164366,22443.665335800528,14024.5498024646,46521.79464355973,55485.57252154253,132600.17816257427,261924.9430681609,47266.358963837854,97541.86859907414,16139.163682741011,5648.100271508316
1973-01-01,22147.350473488328,199307.1392368757,103479.23052370522,214381.8481512872,12639.434628181833,25683.121424301164,1521.7375061231155,171236.95389640075,60420.36717921383,3163.253083123699,93242.4385392703,35863.47029285592,216356.01029561847,176166.99407544397,27236.76281727413,54972.435695711494,1554.6559820336945,173129.84184575678,214088.96735311192,165507.4014983351,166799.23594242852,14503.6486344562,226460.00610417002,10399.049027337122,91055.35841868428,76406.81963531961,138259.0702389395,160300.34933250328,84357.54001340721,98579.55422531083,24033.75356991849,11096.305218647802,241809.7001809964,44634.50187762929,35267.19657214295,19159.179217767534,103509.23268279618,9609.862683616031,218011.80556259776,105774.0021813239,47453.918714853724,188677.6624341827,12429.228051290898,15491.207975545103,14437.20229006263,72451.08324312557,34070.01344546622,57936.86503171616,101260.92741717522,14861.133566506434,161607.22865511986,231609.7484150063,23560.688547495054,14834.677824291006,48209.934040349544,58974.26953523402,123561.18438356814,262996.66471717996,48693.57965322453,101431.62513965406,16291.83064373324,5592.782800772496
1974-01-01,22380.903986228906,201105.08051719924,108258.14348724423,221903.74404285077,12714.732011278327,27946.29439116266,1650.9598483542995,171351.9322461307,65186.151748894255,3327.2240409428705,90910.5313711277,36959.857153431614,265800.6063671145,186087.43133648243,29403.721903741087,54979.84420266024,1616.6872585731924,183400.7032274075,222016.1556244761,163979.59722070527,175258.70328754684,14580.991930698461,236461.4822380086,10060.858743686738,94682.00712245725,79352.0449640146,146922.96301325047,165034.46861055988,82210.24139257555,107579.60690761115,26100.889606112094,11291.517689366803,246232.75015126434,45410.057212706735,37605.45291806669,19918.69553670248,105913.53957591526,9383.17358062601,218934.72245003187,109371.02139404028,51305.239181331934,196217.28351317946,13266.191086713905,16181.634303139606,13709.024985818836,72530.22058927148,35716.45388852324,61495.13003824334,108359.94638623025,15596.449887051305,164873.73455175065,240652.98358311976,25802.719823773798,15576.35822018935,50062.81833468646,64709.60640221565,118041.63360799245,265890.12642008247,50360.073427718584,104285.57540670587,16462.23553983632,5596.4667964911
1975-01-01,23232.96147518566,206799.18673260263,114077.76888456085,234470.54334721772,12873.118900808333,30262.371180061684,1737.0165292373013,178693.55867735826,67551.2182618009,3526.8290434641767,86707.86925617376,37143.83400531383,270792.0439492066,194914.84879770278,31629.25677465888,56072.24466287576,1647.5977048351108,193718.10368932766,232309.72410870087,167555.61961962614,182343.52761982798,14724.56495532811,246302.73868142543,9764.499236176322,103238.38913834054,83521.58109147743,152454.00413717306,172299.18982866855,81977.64278861506,117306.34401023078,28209.383305069692,11509.825086282804,252489.7202262399,46138.02684739894,40370.02018221455,21411.78795062647,107812.40992624935,10114.972214148722,224936.5063833161,111691.52825764056,54519.5839425309,204921.58500406996,13914.966135326535,16937.73146146485,13504.160675318748,74369.77567075545,37645.05957483644,65435.86822974849,118148.84754868875,16067.55268049243,168603.9606534517,257318.2569399234,29340.06341216719,16186.572003671841,56115.87790716133,71463.27097469471,116772.96369609464,275231.1032154237,51146.958845949106,109636.82570582218,16706.3333983156,5564.4712247837715
1976-01-01,23976.096692259238,209775.3228417854,118241.97150861743,241008.87715941912,13049.655589665554,31919.296916856678,1818.4514548011837,184549.50528840764,67801.65342055891,3688.0107140575647,83759.92527870476,38225.58348339008,270228.4385175022,197703.7217185436,32156.29393827601,57606.601388718664,1834.738069377082,203912.5227575261,239809.9296281021,171813.34136872587,189827.96218204038,15362.694154062203,248911.71567157132,9545.827244316657,110839.63609851833,90320.34321623527,155875.89409806416,179939.51430737486,81778.73777225075,127586.00245457455,31195.30055862509,11197.727906771195,260093.67415063648,47185.13919282153,44101.57386911457,22251.249539897613,106048.17908531165,10093.920468722805,229036.60636526038,113604.58110729534,59917.63716912616,210244.30079975512,14987.649270528156,17207.796546176356,14898.208994886581,77491.31526281976,36514.391262639314,68810.73764544689,129171.99796811913,15839.755207722043,173210.64846416382,265410.0779280962,31995.108962203347,16597.797050791916,58330.43159470233,80209.40041627843,118626.85338005314,273715.4684112288,53724.98491068064,124072.65671929684,16465.368048376,5444.982839370055
1977-01-01,24658.829939194056,214373.33015548237,121508.94905240058,242190.99568350438,13272.842855437271,30640.70885874994,1890.6641494437556,188894.696910096,67533.21926005211,3859.954492548787,79354.60436054826,39281.016870324645,252203.2480116172,202127.88407597275,33789.387092845594,59376.00026881269,1991.9977625738939,215656.5915675803,249741.00815145217,177481.72761508965,201415.76902557086,16031.850769871264,258880.21932009322,9363.164781694668,107348.48084047416,96265.60973675715,156158.97559871804,190677.31108131513,79839.50833322377,140950.40358618138,35727.65675480802,10893.103925437306,269208.74589832115,48674.228950787605,47825.31150863414,22948.757022250586,98362.5769554682,11503.443805104202,233773.13967275762,118703.70245182312,66610.50085400147,216569.387039027,16294.498466206749,17390.49038685113,15981.570959332405,80385.40691171456,36012.26762173638,71463.70498008262,145051.1058004582,15214.478907669883,177025.82974965993,267078.1281832601,33681.405191626945,16997.67439794191,60232.50169816178,82681.12180953113,120779.77855788417,272729.53695280926,58162.66071403767,138298.03819690974,16428.27039379486,5279.089414367124
1978-01-01,25425.445256732,221320.0585808577,124048.39505895769,240601.68975048047,13466.598466202093,31148.276157618795,1967.4501655251565,191142.07284175328,68193.29750074861,4063.3947995067497,77087.0701142326,40819.729150923515,254705.87514601112,202820.71572327474,34501.218067488444,61392.268804975014,2131.144866320874,223663.17107059184,260276.83537500372,182669.08957742524,215434.47132477665,16711.746114274843,261309.99514242925,9101.792116444303,100279.43541313162,107393.6319541449,154239.25070423295,201473.27088334432,76676.80136191969,158068.5037601194,39903.32546523512,10841.006003045957,279206.89619908395,49888.44106654309,50856.56466157294,23702.676572251738,91719.87273938271,11224.179894603423,234680.89899306983,112265.40660229322,75333.57899396744,221129.78732252304,17919.652410346793,17410.032565024474,15379.371948883454,84126.13779275228,36459.30052153698,73385.1529799078,168145.4810863556,14370.378380203716,179060.99180754687,269445.29922045436,35989.65348806069,16656.59279188404,64323.41561474128,84690.48380166072,123375.48043259785,271223.66594066634,64703.406270861866,146300.31513871253,16466.855300114188,5073.349643521949
1979-01-01,26270.365299513425,227123.2172566496,127739.86284885678,238466.36820076202,13580.84431439685,33663.24855853744,2242.5067653860287,191145.94114902345,69496.49610284994,4249.077640703844,75573.68295983173,43022.12444218342,259411.87078290826,202633.00553863012,37495.92416612578,62541.790295828134,2420.015998365208,225828.76619183263,270687.57761691575,187511.75384841592,229984.8619206354,17182.846761223624,270423.40010634065,8796.172975048787,92351.29381106449,115872.00662926692,159279.6719632876,211225.09088314415,76788.45420507585,175829.1673339659,44766.69649321023,10688.632941592974,287043.5501000862,51822.826044444264,54566.798825275626,24151.10103983294,87305.70729509839,11538.574366253597,233652.52114835486,113634.34844229747,81993.44236612471,219855.30300234255,19891.329952896052,17660.34596987494,16678.3025926122,86643.46462183895,38540.51985879043,75647.05391807156,192352.4573834814,14378.030345537898,179525.91662542068,272331.24524570454,38961.0911004117,17260.505271024173,68856.18460658645,87057.9401968306,126039.2190160331,273750.01941480424,74521.6290457766,152225.47047661073,16586.81025030002,4884.253234659601
1980-01-01,27473.10265345301,229351.52275649298,131907.574698583,241480.75193710063,13354.623845717144,36910.93784516543,2452.9776452829237,194101.82718604596,69432.85790085164,4435.733766101702,75950.75744974165,44408.43477255881,262375.9567885542,203595.3079097598,39437.748166696234,63277.0173469235,2767.799814356379,227193.61485092485,276624.9828035239,191705.30937498645,238256.26073140992,17370.554417692154,276368.77116234956,8418.901162428747,86844.00454638191,125760.8635626721,163701.86166299618,217420.09768979534,72806.46260800409,187831.7241159179,50780.66094722597,10725.127675254143,293964.0255213094,54905.59782850323,57725.97124207146,24080.939455603602,85917.54974123315,11364.395827126827,232462.5697428448,114953.6231301077,84112.192029921,229157.85186019167,22305.985846538053,18090.439980240728,17821.396745018876,88801.91023033248,40821.08837181972,78566.43101699273,209213.09782331623,15623.233241118356,181405.63981362383,279246.1547610078,42836.802875238114,16394.10723960024,78972.00978136974,87988.80848360847,128740.89805397451,280897.3380263519,82560.68462631982,141068.52135253412,16172.662047538675,4723.607312540489
1981-01-01,28523.12234328236,236906.86786247607,141875.41948309052,243729.47843857374,13179.429605723606,38166.12878887215,2647.8934368835808,201560.91492147508,72138.96383948778,4592.847257065325,76360.22766295871,46181.980007270744,269346.6366157736,203167.11512604597,38758.81771464263,65234.14290103251,3106.080715675621,226749.54265096373,276255.1811995656,194563.14352552223,228503.6760265836,17731.74375783814,276852.95574347704,7945.005796017155,79860.21350498375,132680.4938202121,166345.26689472568,221924.65456772735,68201.32158064366,186651.59954925868,57244.360758285526,10461.489379895358,295632.05223081546,57603.17738426693,62898.295721049166,24321.903184296905,90076.23959303524,11695.376180993502,231656.06398317026,121429.42166207838,89541.50613608974,236015.69932208429,25304.060822284373,19072.523421103873,18178.705645697224,94491.71495542019,42550.12623255588,81063.87249465426,213240.24158568474,17445.491262130196,184984.9432249172,287678.57242512313,46843.56494280635,16322.174466406543,84792.22289872405,92267.77524493588,133030.46717110937,285353.16028267716,87051.53613106163,143090.21962119592,15116.974340817866,4671.770204254213
1982-01-01,29310.79202519867,244858.66879295185,157135.2814597374,242052.738699481,13148.603509577948,38748.84350330937,2843.3457008170317,221142.04354850136,78678.1701770711,4729.914810691193,78556.54435193079,45517.301639590594,277159.6204856927,197190.71519098443,36418.60785012585,66542.9680321168,3560.7897553053826,221621.32986540374,268518.30329694203,194335.1133938207,223864.78223228213,18928.26030874203,280595.35299758654,7373.530304488323,75364.04171914893,136171.10560658455,169749.98001455519,220683.39769463617,66673.00490324352,174206.87346661746,61140.48978681002,9933.531716220283,294576.07878347894,61090.9890419344,70755.1362835782,24254.413672067305,91654.01065116671,13299.72511733156,230810.14911450274,125522.78273671134,97718.44353271938,245434.3393099587,27272.16806503876,20150.71608170711,19606.725066169947,101664.07877791338,43860.46875691303,83010.19696126311,204616.3607968177,19872.88738830481,189293.97762392886,294503.9689403733,50407.97404896823,16245.885226147908,88340.05185262057,93253.57488663218,137507.08588306324,293674.63407006464,89238.76528955641,145197.85246161028,14031.489965916615,4760.710478346964
1983-01-01,29924.147510492356,255686.00417421057,174612.2508701947,237006.0387840899,12699.730993702742,40186.8157984833,2967.033442964853,230707.32698952346,73588.92296292739,4964.799362649007,81095.69027787217,43648.17023660772,280204.11414605635,191241.16383394637,34600.43557045986,64496.80528655398,3948.0858058226336,216094.707424483,258747.64935640473,192604.37808948316,213718.99861916705,19655.972017296866,286027.1373746244,6853.584807668678,74984.78365174704,137074.3926385794,171638.9179098952,216821.62576628575,63909.77611920287,159559.5588907845,62092.40657773423,9176.998807319858,289008.15352808597,63980.86594511418,76094.33847403391,24194.635579457165,92355.01582331554,15941.992034148861,227841.44557186408,130126.01982965374,110461.76184549049,256106.66429560128,28334.10420854206,20123.96790868442,19010.867297423254,104447.87601169688,46170.718794656226,83979.35383794451,191043.46671427885,23458.86879400704,192474.01625102555,301478.2593381869,52532.6642103886,15693.848235989926,93541.43338199156,95070.52332365778,139734.99343899,296748.90433171584,87124.16740093051,146073.59602170528,13091.348644063773,4947.062583743296
1984-01-01,31276.783900757182,255623.34604139673,193704.66951780702,232258.14913299886,12116.905374514765,40849.27525441495,3063.376546548077,237374.51190905776,72226.76185574607,5245.235314869094,83232.86892581708,42503.31245861342,285450.9785396472,186148.13886418144,32360.701764246576,63793.78393953362,4288.764224566098,211875.39367940085,253538.2166469364,190095.39050940174,207374.06147945445,19361.807760502747,289849.1011975952,6537.1098518038625,75492.34598819539,139957.89499997327,176347.54788819735,216336.55056804494,59211.17437480733,152387.72763482892,62976.67994751227,8931.026126121427,283857.8052795271,67447.03505538231,79946.07696077976,25258.518755305464,91286.3806661097,20269.258248383216,224416.56659224152,134643.60577091522,124386.44648145756,266207.1904462548,29427.6739672106,20532.164159230957,19474.127034344783,111568.24688349133,50073.72993419864,84648.11769773705,185850.4151498421,27370.115308857665,195365.261285157,305803.6959086633,55169.191048065986,15527.40658888177,94627.777364392,96686.91760267512,139090.44903406,293893.3001200247,85841.90565714316,145493.65291296988,12366.209876588639,5198.086432043995
1985-01-01,33545.71426480433,255553.33157065682,207790.97953274596,230870.99009796942,11726.966342299911,40473.754367399815,3250.625795535654,241126.37260029162,69430.5042740709,5606.456920950718,83690.72768298951,42289.22652103432,286172.9634222623,184756.79483226425,38917.73872980346,63892.17029838831,4638.137623013901,213577.42073041832,253140.410485522,190328.32362113765,203169.1788613076,19785.02404126167,287392.46348837623,6495.4269279797845,74213.67012186779,142035.81868971587,183561.68134068995,217903.17949370696,57503.73843749199,153077.62268184972,61923.807645831395,8797.620684279687,280633.05877381185,70219.61333643644,82505.16142113619,25120.611780029587,90506.31051654744,24856.729287869213,223238.10318203352,136182.87204242992,127379.03689982899,270686.1770515753,30519.425822712972,21256.05345891577,19571.771134175156,119329.71748613506,52962.0620526608,84947.00379280171,186661.0275637871,30469.28954891164,198862.99222253385,308146.4085964033,58164.69398078689,16316.955183422204,99948.96283726463,98036.72666727027,140459.04753681648,297410.9005605309,84686.97460679535,141278.59097138772,11908.938016313308,5405.744780206711
1986-01-01,35839.29144887142,252851.7962784864,216320.3158677865,231247.74996922762,11583.598300771833,42592.81429953687,3421.7771420524746,244155.83250021376,67633.0430000186,5990.497157537439,83175.81927325488,42314.19208236593,289650.3191271206,187518.00893383464,42927.75219901885,64669.425978824394,5032.1644481584335,221913.164434842,254746.7794821503,192962.924845834,209083.77984660616,20332.724874760235,284969.6506166381,6621.621771574256,80431.9250293917,146147.9315044263,188603.55046029226,224430.37645656228,52467.15608216899,160226.78066589218,61034.24164549506,8661.733525548583,285516.47762965184,70765.10509052126,83922.91294181075,24454.20841077417,90044.45647696241,27620.414096140194,223949.02978569237,138323.60053605994,108411.57461052957,269544.3690632317,31681.066518733234,21228.983301763394,19235.45863551488,126598.74992224893,57509.803343162814,84777.11698969727,190238.6206362176,29365.67595120852,203563.4848361967,309831.97480326483,59959.13404735474,16866.80784777847,101476.69244594008,96516.21030387675,142699.97137680635,300041.296218493,82855.45423304934,134635.75130200153,11852.90992062009,5588.613485195988
1987-01-01,39495.595314588594,257574.12586148505,227136.54289749975,233513.92698975155,11385.00207313383,44512.97218897137,3579.193987209449,248883.31546286662,68078.30906765064,6402.636617385577,81125.30017110823,42217.28901357341,290744.44939224725,194011.957238281,43308.8154178592,64039.79934484275,5522.3140152229735,230152.73178081965,256732.45450877465,197603.35037086342,219560.93779189218,20296.28276416132,278425.97147788794,6801.404190206347,80296.76172807871,151359.31776316251,192878.939035576,235798.5497385175,48568.181025529884,170274.51682983967,60838.225366139355,8980.950636750928,296983.77965966635,69132.57050460039,84548.48239196725,26030.78170115221,89550.62666543855,30504.805896680024,226299.03143955028,143141.49228869943,76769.94214864711,269559.07672877534,32984.067589312144,22744.496219041732,19817.825741262808,133554.88027602108,62605.5507919703,80939.59187417655,192088.45956102994,26019.873675234114,209397.2753378933,311536.1880013033,63249.12346701589,17716.00106563047,101558.3873266084,95262.79096722991,144464.35536936382,301220.778745124,82932.6118729977,128009.05878247668,12073.07905252182,5878.462308458043
1988-01-01,44277.082490710854,261815.78943198372,238546.6570051176,238230.0110088805,11796.315046320618,46351.198497942125,3724.6795255166894,254794.72070585936,69862.41292423788,6825.823008790101,81573.74158755153,42460.83604147241,288324.1754851173,202934.06095363124,40349.06096493976,64792.47780709493,6205.448270167307,243882.30928172937,260739.63868425452,204945.4567846264,229884.09107624544,20452.026842529092,300506.4285798898,7004.636103962216,82165.25422208336,159977.08910265318,194513.95389522845,249741.2526610322,44915.713795699376,183282.06640657512,61197.16393725995,9509.913574053344,314365.1204451425,68903.58884831298,88496.30590958067,27490.596916954095,90148.20145078322,34720.96678800985,231938.04254647947,153595.42302044824,52966.70149308549,275622.7529732028,34411.47916124552,25108.02916954008,20526.088805821513,142604.60553186032,70570.12545601021,78319.27928619165,199477.41003251393,22727.84829124479,216547.22047772657,315220.54675447237,68834.01575168352,19362.31749867673,93930.59545042462,91269.75033908778,145569.2044192933,303245.0486304016,82664.76982136036,122523.61244706648,12757.175119059611,6312.635500389293
1989-01-01,50551.14785011508,265917.1947870771,250942.56751377578,247412.03790829785,11379.319072412121,49000.91948138474,3895.2237780044843,264603.3834774957,72609.14907620334,7016.310881000692,80305.46962939519,41742.42176172221,291769.47175017593,212914.46800369918,41934.70955040049,62857.541325437975,7078.674426705361,259430.20757401726,265599.94042200915,214439.92295074917,248297.63589348918,20468.287147109946,313731.845653415,7257.859475640656,85030.77721441814,172775.72032924547,201141.35182266316,268259.2425752989,42620.26143240823,198701.57108883944,61070.55146237693,9829.987246990988,331537.68732176424,69631.93416988426,93806.79167816605,30894.230073495062,97064.79765894116,39762.746641174796,236410.50191267766,165551.56013988383,38800.743786350504,286637.40199147066,36152.06285003565,26784.1242506697,22112.226627011823,153297.1139993465,79846.13243767878,76341.69412105359,209272.66575799853,20111.264761022998,227724.3954882254,318978.64103107655,74642.88329288493,22479.615642707737,88595.11913145105,87680.27219423765,148561.02933389466,305692.8958379845,83754.01542630667,120299.49703577902,13949.604378277983,6894.098643888892
1990-01-01,56984.99607459948,274855.6444055894,264745.40084003686,259383.68743971083,10945.038457293585,50874.6997475496,4006.2326209403836,276526.19489867275,76535.13631127286,7212.607851202361,79830.16569959819,43153.9817602286,295124.1041931862,222892.91195245262,42713.47677982299,60892.13421934811,8238.993727750467,279093.8348416728,271883.0038529895,228515.72305270468,268816.40302570694,20937.347131723833,323969.78228552785,7598.266727138633,88459.16943060042,181565.02934416186,210412.9753589087,286750.9215128206,40178.024428126635,216442.27469702862,60083.799359120094,10415.267265955525,348491.1256049366,71239.00975434823,100503.11659905332,34657.90214248501,98185.31250376347,45052.13150047526,240335.62016224227,171557.1579008406,29644.73112014662,288176.1074266831,38199.485091511364,28933.91315566299,24068.896745239705,165148.58584037944,93592.59743761047,74259.93605026994,219573.10686868947,18768.297955617418,241931.11979200869,321308.6748932078,82252.87618747707,27735.508979144062,80766.33406531322,88108.13366646478,151759.48420740233,310298.6983441353,83482.79139211756,113520.72747816466,15733.156463606041,7739.316943469437
1991-01-01,65497.41520350263,296152.2336408906,281131.75358964846,273279.92879160825,10779.180840807921,54308.91228606888,4154.314796898544,293244.6415894294,81585.40004424036,7477.927437840463,76823.42032543509,43718.93338282365,303521.3323892366,234254.44068682616,34139.27079788793,60323.011672911765,9408.602584262137,312137.1409483266,280432.3371689668,248425.47829771272,302762.33292573993,21388.74181922436,332687.37075205543,7858.318859404865,95147.12449549885,200399.90709321378,217325.89310707088,305998.7284338081,38299.53392691965,235514.42271204633,57847.374744736706,11006.917055005888,373159.306107565,75122.41434235031,105735.21119464404,41719.964303370114,100357.05748055116,51674.58379215375,247806.71221540697,179850.77595578003,23721.173990488864,290672.7908439162,39987.447677319265,30605.45785858029,26157.903299470327,174967.74112369012,109214.44768194438,71920.00773139905,236003.5012293782,18291.35285546275,261190.6522557409,326615.09751298744,89201.04490143292,34327.916259111116,71071.00535572268,82940.2010620499,162970.68204453448,320345.0279890132,86216.39493916366,109044.05167505311,18586.83983010943,8874.904043627193
1992-01-01,78790.33362576624,316171.94930788234,299152.1428929421,287675.21324064897,10873.951899461394,57888.2654961298,4273.26999616872,306953.18010129663,84788.46446713523,8065.83135890595,78163.08105964567,44002.90023364553,305740.2863206219,245037.40788368988,34394.312227395174,60486.94116604987,10914.162418140675,349867.5569146041,290238.39435338526,267369.11875169026,325298.578174328,22439.385191463152,340060.48067590414,8188.776920290312,103970.5872410096,219754.78531960628,227024.81012355018,333707.3448768779,37744.56536553665,256953.44864819397,56897.30640458751,11660.535778117968,392966.26552292815,79630.38881918084,111214.69515107574,51381.20018107645,102865.24176802866,59330.262929808334,255884.8294471981,185066.7012502727,19855.873726557234,291697.01606563304,41799.13342360287,33883.90445538894,27948.963421564895,188347.9286221247,127427.6914531414,71211.12316340889,259285.85534365822,17995.84087774291,286865.64494429645,337095.30321766087,95917.88733229318,41408.596503323315,66146.66427249776,81563.57315954033,174908.74263323625,326358.17356923566,87453.12301999211,107266.17769282048,23060.599387278944,10262.810834797767
1993-01-01,97757.05847929543,335765.24150307634,317801.2159743275,302608.4193667353,11238.533607716123,60951.161899960214,4376.5286041038335,314235.7094171065,90356.85885808953,8973.993602549124,77508.0541991783,45387.4597776117,315676.9585307345,256788.9213441653,36834.07147347311,60499.255033632195,12818.009114778679,383050.36407518014,300126.18423900224,284600.1528019361,350083.49267005007,23710.931841935624,345541.83839935827,8523.065113482045,112737.67449406328,234866.06892735692,232637.37578863054,365631.27384948754,37592.32645851012,279350.97341675713,56339.308484107685,12525.14759754962,423949.840732493,83829.3230120288,118228.66398527555,64271.63966200748,106345.52198555441,67637.09037551613,265501.7360004562,189075.446809862,17291.52365262204,292039.6508891257,43573.21642808835,36840.36167676059,30435.000381723687,206138.59687414425,149157.4339074194,70532.53664602255,285844.3883512932,17397.826060090814,315029.16764775844,345536.5211183375,104487.33501286525,52443.196142062516,63366.81474085054,87574.25705160644,184482.55976541212,329913.4019109071,91638.03869554767,107744.93539069674,29766.58854537872,11913.929161070899
1994-01-01,118882.01033080863,346910.58107498265,332561.72407429793,315041.6782292232,11160.477433733708,64589.05807323854,4347.071389943669,318021.7037462399,98747.2299909388,9960.474089247127,78497.15542338969,46754.04143386073,318296.4325772703,259113.2199649398,41145.45658657214,59893.571911263,15001.754806927698,397856.70643568365,304966.27681877295,296228.9070152906,364988.67635990225,24885.318586351834,347101.6223452355,8992.996729292541,120394.97674232959,244668.2337713937,236740.87034426723,391598.0498917805,37064.248738429684,301297.7914267527,53775.26577902118,12906.961170260724,444258.09352693084,91179.95610356375,124945.07428822594,80684.07725759324,110530.74450232883,75750.00404568059,272673.9001009578,190255.3018079301,15650.37658236643,292364.62491618906,45363.13440321745,39682.495164096326,32723.34193426561,218777.96598188308,170380.18639564712,70215.29904360966,305087.39372851554,17911.844466932485,330361.2517659239,353066.65037780284,112584.77823468605,65806.54129735491,60455.03650555007,81006.79679484662,194830.15047656308,330787.6423227088,92806.19744119054,106238.09309976436,39812.56893892688,13473.664689084388
1995-01-01,145199.47713055345,352694.63565666147,344346.4554241048,321802.9988494138,11478.858222816869,68243.3958701753,4541.8887475628735,320520.04080052,103499.69691532954,11018.835292585407,78258.72528964235,48374.853581627656,313810.67121737584,264583.3791861094,43729.00274390807,59860.40355394554,17128.466937046003,395235.20418148296,307506.97811740986,303827.44289635035,372919.82521197584,26172.73867097328,340332.23643582506,9601.807892432069,127065.96771882364,247410.98880197437,245197.68208934757,407587.7531192924,36085.315837918926,320521.7035047531,51628.862045296424,13166.967854412345,452029.23611167364,100447.04170931621,129165.69158561995,90651.14310745473,111070.06915000826,81470.84196728343,274065.5290118788,190626.73974259826,14593.838334512604,292341.6251285684,47227.90942671255,42310.972983348394,34928.09960182579,230705.03357468313,192382.969599672,70108.82121978054,315478.97218862636,19448.537903561035,333982.5660754522,360016.073867408,122174.63898075368,78482.01965394769,58714.66575445966,80293.5869434051,200719.60321358524,334128.4257333363,93209.43760998567,101444.85536391128,51962.89430291896,14831.864786009846
1996-01-01,152861.24550601598,361596.3946310823,351580.33307438885,325364.45349809516,11834.67109962855,73069.36349862153,4759.049932890178,323951.8656581554,107872.65534839737,12157.818978974989,79926.14678855271,49453.50512213198,319282.90033513383,267186.15257150534,46722.97809791061,58794.00722734934,19263.310518253686,374611.31900088524,309510.5063531194,310947.99107616267,378968.0960236732,27538.24703944734,331074.9795295001,10267.91191864454,133558.9492645416,250416.59829502463,256384.58584007705,412087.3022752169,37250.533772942945,335341.54248744756,52011.64527041668,12947.282864701685,443136.3669617114,102001.39354807469,135396.21839613494,101267.58228188004,110077.81818433333,84669.63850703402,274850.7911519071,191176.44648405668,14080.622689036674,300976.9629404941,49142.246032794195,44030.09682954457,34942.178724725454,234874.24768404997,212551.18358622183,70295.23937296576,323899.71367002244,19855.37252324999,342744.5767492116,376320.2563791322,133811.2757455249,90433.30119058404,58218.561496272465,81353.86094598999,210374.99146471662,337941.1622556615,94609.15895551427,99829.09761644842,56343.69262269568,15428.156855476489
1997-01-01,149177.69412342107,369132.30638619134,345851.8494918792,320528.6696647761,12528.297478273878,75074.15487316178,5013.123481205397,318214.84209106426,111414.08541865624,13332.19314407246,81044.21202168781,50584.288411837704,325418.5625332701,261860.50990238573,47947.10658020091,58293.64621484237,20285.639236670766,354005.23469395156,301900.9926041714,307077.4410108768,372966.2942188148,29234.433769109957,391713.9259056377,11042.095024399594,137258.58179268375,244440.84432290628,264677.12558669114,406114.12554559164,38641.030207580974,330907.5991379257,53485.359186280904,12398.965062717116,420440.5057646421,110968.65000421747,143960.8799419537,103277.87019105614,112946.59023227275,80487.37425672084,266710.7279287618,184916.95092292715,14254.749187523414,298776.9650447864,51063.48954453251,45992.50960957917,35924.74879764324,229893.69410537044,200910.40871076842,70629.33557474539,312233.8109842382,20433.88957842942,338037.297427325,365395.4885730354,143610.29389960793,91122.45162244982,60088.981654006835,88092.07037888064,231394.66039223844,339481.2961648341,95570.44290273431,96322.92778415851,52790.59808218423,15523.706629471202
1998-01-01,144497.91990564362,373617.2240217673,337294.1089305879,313873.2548707956,13537.142591001204,77984.05131091486,5255.092767298429,311750.23162341665,113025.16906195838,14768.841482621006,83347.00074212988,53218.9346931199,326169.394050168,256549.19701255957,50097.2553150565,58741.99341006055,21563.81496189922,347039.1886210138,291504.2145818087,300036.84260187624,354040.13754562224,31553.480531286183,377778.0070827502,11989.61410930909,140916.76683269648,238306.4935515052,271647.8891671963,398781.989598712,40181.58409748304,331942.15003044746,55957.96190191025,11870.12601047718,394448.83313533984,113715.41449006919,154566.1912240267,99099.88098222391,115368.63384019303,71969.96450910743,260083.6205919439,179440.3366980629,15174.764976485476,296294.85587111814,52474.80677448884,46724.75717375614,35779.56298102095,228525.2108532789,184325.65134896417,71243.0240269744,301239.9281043981,19641.084458419948,324660.30015892436,362108.25764780433,155638.14470686746,90314.11342902711,61058.00548977068,91944.18099851729,230346.70072842686,344261.57674444513,96533.24953603692,94719.05922323283,48197.207882559975,15678.678463346905
1999-01-01,141578.04485543177,378023.77834705496,325609.1662988389,314518.705663861,14245.88297031346,75492.64677739795,5436.283095309013,303562.84306794294,116050.75723407783,16209.17935254253,84320.47699871086,55511.69556570218,328193.16316994454,251179.92471978455,52663.80918203534,64651.81783587243,22600.234578137053,336628.27154464746,280040.2400476967,291149.63325220096,350604.54851274996,33984.35842428785,362866.571940183,13183.462719916686,143691.7195899451,231551.68388280337,276112.3765125449,385945.0651098586,42721.894708980704,332262.26469666313,60087.092211333336,10930.48702875127,380612.5512042459,113461.670802244,163066.12140168453,94380.78315829278,117132.10187362506,62645.75779776331,251542.61125044007,170947.42567464005,16731.233867252595,297173.1242471942,53479.54735181744,46936.69750073081,34502.54298913385,228549.19091027358,171782.04341699477,71152.04694444497,289522.13642514846,20251.81748935815,308410.74220761686,353883.1951283223,166959.6499629881,86013.09014423295,61662.25950929447,95494.25432082919,221917.38191088132,349435.1096920582,98220.68811000479,96132.2500086338,42346.13198083202,15676.998356870903
2000-01-01,136487.91080329896,363749.37064169196,319382.8150186674,308519.7893218828,14974.86534178147,74299.74596133592,5597.050657943653,286924.73218228173,113187.21436059951,17716.60181807201,79159.12236995774,56641.81146976472,326983.3876201338,247729.9917548769,56293.012484405524,63938.468200144765,24070.43058514981,330177.7094144186,271690.3746897469,281775.96577830706,344222.7187306055,35928.00501198755,357431.987043617,14171.376649725904,146559.1955983856,226951.73768371766,274125.0252481057,374324.2297596728,45761.80074553376,334428.72328861366,64990.919403129585,10209.15058648197,342621.0300168512,113135.19354600148,174297.6800282004,88590.75002263035,112068.5109318982,55731.22101181979,248346.76772418534,171533.91197815764,20166.491702733914,296725.5587832366,54594.56651201031,46285.36738265275,34221.562115994246,226642.14851866104,173986.02827638452,71120.0589902707,274031.2740485477,20269.933951188217,294099.1643755539,336196.4370908468,176816.87596881352,78463.86067770758,63003.00165509208,101007.617160958,218672.63904199653,355816.88327711285,99149.09283779323,96711.68678051708,37365.31709559719,15792.484541437036
2001-01-01,133069.13350173327,355841.85134156834,307389.7023743181,306248.41332312784,15907.96448959457,75553.95444055066,5745.311380569948,276218.5184109907,112280.49400409494,19531.886981947653,79849.83273308707,59150.7026852658,326469.9778307609,249828.09197422006,61837.34669204463,66121.7733128974,25532.226144728473,320462.2794770321,264773.02269017446,278250.0792116928,319680.03330996295,38018.49035784333,362996.10110800236,15493.222657869326,152672.88312382277,230560.84217228048,277013.66824682296,357682.70958582597,49503.8485051589,334997.53784446977,71977.16276869443,9749.60803309256,366606.8870459412,117288.67033940226,163124.5912015618,83351.7654751134,108245.5217904677,50472.33354362986,239533.27970276625,173105.60446029852,25128.47593347767,297196.5020376855,55931.32687869711,46864.662732208635,32999.57638083912,217337.7037509378,178726.75308737048,74994.86348191185,252055.68612778356,21111.381050624066,281119.27524900204,319006.4655335826,189219.92690342988,72985.6904588263,67388.50158657797,90303.89938550322,213775.36665085718,365653.3741951808,99173.33736040468,93979.52424669702,33620.574889538184,15723.655928439131
2002-01-01,126269.11386088279,347049.4785517008,295427.59030732635,296250.4225190133,17385.50868336561,74187.49402517818,5916.953510263408,261724.33785484012,111810.29069222069,21703.132207992647,79846.17260865869,61608.92901994723,313220.20676224417,245212.58164970131,66260.98353715468,70606.22927828624,27442.424415539455,302598.05241416715,261835.52148950048,273272.1795450391,314103.18806706584,40656.64599819779,372111.5831841613,16820.196853850302,159357.40132273917,242719.75716184155,277745.5611730894,342045.7235859134,50001.39648344103,336295.3400937874,80899.97489216406,9243.007049193702,364563.72344730946,120239.00938552739,162835.25335114382,80591.31895089883,104521.59602003159,46307.64662798226,240186.7368910874,175470.8806316742,32272.981809398112,296467.693262139,57509.23498728301,47224.66134986963,32353.59254666889,226278.33151026088,182293.47657193796,73055.4636149831,250498.61768749446,21473.17804528489,271451.01390466176,301583.4845786245,196178.38473186863,68913.87504201588,71850.15207245927,75635.0774580283,209524.8686256616,375592.07480592694,102287.71789426309,92489.51097443726,31193.551074660503,15369.217600062719
2003-01-01,118600.81601656774,355069.1704979863,298328.61329378147,307693.75210236927,19379.918506900467,74993.23622886564,6135.567840667438,264079.6408094274,111448.16801228853,24401.60556350674,79283.92919680201,64378.83946546209,282109.727102927,254204.28271383754,70142.4608926513,75384.74449975695,28891.999560484503,305141.5096819645,261184.8701111604,282896.90772882587,322679.776998615,43157.34406964236,382184.1034977028,18303.489234370874,162244.9257361134,249964.7378075563,268951.9966721708,338776.7771409141,55240.11910189596,344846.6322811185,90801.40565456465,8794.68822582268,330349.878931648,121346.76488232575,166164.99245705857,79387.40381521634,108835.31823775073,42429.7156035181,251454.2691970108,174476.49346864014,44574.55391293248,309816.80095936044,58545.145410007826,47822.131665885645,32336.909254357677,242666.75463555998,202084.59309912202,76651.62661548851,257997.4441357434,21112.408835500424,278766.51485423034,299445.89227670175,202008.92669455073,66481.85686671572,80791.08021138055,80882.03083533865,212271.0896958573,383211.4472077106,103099.75239578179,92079.31267048558,29564.411446566508,15079.215335760127
2004-01-01,112087.96348518672,366490.5335721952,305072.6522143843,320288.72624213627,19763.612296843687,73811.57730790619,6438.860394726236,268852.9307723716,113594.44495784632,27478.85121871293,79729.9428099082,66691.55385063724,295630.6643340405,266571.59902638744,73693.91110065104,76259.78458158547,30412.045539935367,317849.2582471405,296626.15520993376,288156.6291068306,332046.0983789112,45786.2174722358,398245.35816884803,20124.930081580285,165454.52425481786,265106.4963958787,261906.5074476397,351058.4133730884,62687.11359447078,353205.58552075806,102062.06426540345,8496.841195714172,355238.41843164305,125652.68182788545,171257.31726491597,79807.54528396351,112558.96072840426,41404.25053590193,263462.45219665894,172068.9768941082,57000.42042852094,328647.733918278,57484.43864397433,48218.31560816014,32283.16642798474,255376.271558968,221650.16073679522,78570.38997368766,275637.8326611183,22275.33604859852,275067.2310043831,288179.3148406248,207892.36810453673,65487.27567786363,88274.34756682573,92855.79826486955,220442.26818512604,388797.57002863236,100327.84251409641,93184.02448862382,28527.11759960256,14160.416154603345
2005-01-01,109809.15144470897,373040.21344352106,309849.35365588526,334597.60281422385,20337.16100310276,74908.79940283997,6790.997364265068,275412.2333485092,115258.54038866062,31032.29886154275,80134.4125289738,69410.0619207859,312534.96060413565,268898.9318798309,80891.6266739436,80330.2667765738,32087.357309264684,330634.45081656444,324613.2138568397,295086.167810086,326178.82374785194,48787.633477579,404926.2528195659,22555.56272054385,174182.5965585669,268696.9723481921,251740.52548056416,363296.36468454916,71843.06532880965,363128.6518020025,114187.91503976802,8664.634162390556,326130.7561459714,131575.38625080403,166987.02677521703,82569.66596370413,120967.95458748976,42262.10070875131,272545.2757874612,171388.33005156097,67542.74947610388,352820.9683883981,59414.62048678548,49126.42943289903,33705.813518670104,270704.2096946664,248080.29869410433,82450.41474809205,288883.3653845518,24437.534507998524,263197.56729338795,323572.7208945382,216212.2085451233,66988.13270663051,105485.85838310252,99034.81477899187,237056.32604776803,393344.13233900606,101632.34881429157,96911.23703123679,27969.64901616924,13250.856853988913
2006-01-01,111830.3510426675,375989.4871850877,332527.64285091765,372476.6824687297,20429.806284660317,78404.2223747447,7214.654242631802,286049.9127158873,119272.15373946814,35357.29847307366,81928.2150144987,71990.32494344198,348689.10443486355,290993.23616347986,84408.2059392974,83305.46958493923,34851.7949465384,352089.7553403157,368089.03139490134,316236.5428527622,376599.5841191638,52186.2296907123,378769.5483132578,25574.900781048374,184976.39620964107,341802.0865290965,248162.92553616382,399153.37289504905,79307.33687810428,376346.5635976609,124796.45772876163,9189.171084990609,372995.4012824143,136134.69909685114,187898.76300855796,89480.60003033868,120383.43473641732,46476.196761005194,302342.4059439854,176270.81632650798,71956.58814300454,375279.56381421164,64639.25488092663,49568.69556392291,35323.3619051833,305851.7525678611,265889.89444925403,77741.43116445045,351836.55186118634,29732.08166777889,296724.0458208397,378845.77450255275,228058.2368331562,70715.76129867524,122762.24275501576,133823.5956613988,254024.2322343642,396569.40887948015,104188.92583662538,100790.5970998404,29051.19586265325,12349.439501449639
2007-01-01,117570.39740955045,375933.9566230532,349381.3680968981,399866.0643968381,20955.74117434603,88485.40000448271,7678.655750932575,293508.65339803754,126544.32136609353,40664.159348446134,83304.80802755317,74881.39305264685,370279.81976182974,296235.33259530936,91170.68546727164,85079.1614470465,37865.85401294193,361611.2725472593,400572.8247349976,333164.72830881923,404625.8106704652,55482.844630615626,335551.4295182503,29265.671498489606,199012.42477385295,408545.49941147177,242220.61736677657,429378.5440202222,90941.19015090948,386958.5024621905,130629.74995343137,9958.32153807287,383380.0378654675,142874.65694975827,201087.61520609146,101263.96354682822,121344.00242864204,53295.646121122176,323768.9770754437,181640.89814647238,75617.31428569551,382358.5740865832,67634.29785118355,50390.72007561841,37742.743404483546,332364.06687067106,283656.03657733824,86896.06712015576,414215.734246838,35343.79053126828,329533.5311751745,405992.4052906402,247133.40787925082,76178.47140521111,146381.98730922054,176188.67956140844,261536.68125293267,402212.7072669158,110245.03249670695,114675.73403124926,32784.462628827234,11597.84501897226
2008-01-01,128602.53362693853,376334.29809457634,376272.5035467001,440569.45948251087,21880.3584266051,102763.20063557425,8620.3956685776,301739.53822948475,138469.84960765686,47050.71310465152,87071.89229732085,79868.9882176226,397184.2431582962,334763.84543959494,97099.4660325462,89559.03009598351,43158.55827355077,401394.8646777736,428784.51355209656,350396.3057757993,424950.3818188349,58382.73309553915,423031.13089250587,33571.73613260681,222468.27401789124,422998.2356412841,238097.25055555278,472431.63671670674,106441.63088594578,399537.1460759653,141713.1024634839,11138.483021172657,406891.2113346051,152795.92693632547,207825.52572932665,115435.99049095238,123307.2778793102,65301.886476342646,346870.52589615376,186670.04744333567,79258.35817784049,410467.60388970346,73561.11423013877,52366.460560885294,42345.2021261322,357470.7215345964,303650.61526130175,99310.21612014742,439477.2846458428,39134.68704377415,354479.2485626795,432316.62445387355,271190.04991770093,82988.98290683025,174230.96519312065,184545.66138539783,297460.6583687026,409988.503266174,121995.38871408849,135589.43508770986,39911.653314511954,10770.212522578293
2009-01-01,139942.35969231854,379845.46069826465,419284.4832758923,483920.3310917688,23638.800908724927,121682.23945482558,9671.739421017764,327310.9901118149,152189.47234306706,55211.15616987994,90984.47870567725,85547.0477072402,419522.6838863702,370407.1762544081,102641.46200956008,93497.892393638,47405.328899401065,453447.3141867652,451718.8506814149,364490.40554641257,445213.1844451304,60450.78489979412,488777.6482771258,38264.92796876947,236046.05727309338,448463.99943499686,238463.83782340962,533256.1332312746,126439.6836580423,401732.9200537257,150127.324172805,12823.173535253625,443631.24745411373,160804.9635587876,223409.4858000256,138170.3517180454,138927.51298124655,82044.91121837388,362278.2061500636,197911.2804872752,82650.43874266495,456977.8300777346,79014.1468601127,53427.22282024362,46463.80691104871,390540.8689524836,303936.46631910995,120857.37547379239,485490.64110098925,47120.7757723139,375625.212362512,481302.71721934533,305754.97870388447,90143.4951854845,218676.29407902213,180594.87991519418,333725.7851827511,428313.84430657135,135797.37610881322,164170.5283524103,51342.29210869695,10390.455797124623
2010-01-01,149515.4604679902,378419.689556229,439175.5897386955,540716.8092781146,25086.760792768546,138081.57920457967,10690.757919202477,343515.700266769,164319.30105284607,63983.96815875859,93601.47924929111,87985.7604210706,468710.3203946869,418013.9948015885,107081.48394911997,95756.747242724,53172.60941799389,465384.4558972537,486805.9363066058,377367.6323429287,413335.3847435895,61871.10211187637,389472.8313333999,43258.09373085561,255728.94377720193,539447.0321181094,237011.01099853285,504440.7511295633,144175.3226482296,399820.90075893357,158707.99364233023,15097.849023073928,444387.2536337057,159058.59617552868,257713.49248044635,158976.0732283726,157196.17983895793,101360.14828096794,426913.05060825875,204668.70874302927,81260.11389858343,492808.2114568249,86560.51296033256,55206.06364221283,50553.81075177265,440342.205287385,300184.0607043833,144480.00316478204,517070.41975832655,55129.78982828343,400268.44079238747,454083.10843500186,332013.28139919986,98602.27852295314,261136.73356928842,206391.68120802563,373042.28276173386,433754.5950105294,151674.49538158084,195844.49852348745,65772.24556990786,10356.18536469009
2011-01-01,157584.65514968865,381619.6069708825,462976.36198101135,546969.384172858,26302.547773985836,147702.0666648245,11482.65933585781,361407.4406722409,173713.4397839428,71999.4559965926,95570.8146059925,90857.81560851645,461586.560585488,454232.79578219814,110298.81037343474,98358.46949124328,56888.17877909874,475124.0948091993,506835.96233134705,387553.09193713276,427753.66051008704,62642.016852575165,372612.8101875988,47876.63037741112,266951.4326015097,579522.2221589085,238225.86302942407,559672.43388904,151042.39299123577,396926.5886168435,163969.37709199294,16171.56424172045,486275.7887076133,163205.89486698483,261827.40144273872,174834.21261911545,178451.4680477588,116034.62653314401,437761.0015916888,209826.200661181,77716.08960613738,506956.1933049956,89809.38447224606,57687.7931454047,53079.42180733406,447117.8583108687,294078.587113122,151531.15698692005,533318.6117522349,63389.35715442276,403833.66823225113,510511.4674181482,343427.08999938465,105157.15871826997,272519.6578369914,201556.0936559072,354719.4098684393,433754.81998319196,159799.12389094286,210299.8380740913,74179.08724322119,10065.959647169611
2012-01-01,158196.07932522462,421668.89617314463,512008.22490331903,604680.8087087077,26772.954998784095,146304.57509500274,11082.05214951983,381098.11142100394,179490.22403133466,77698.1096022652,93446.84130062863,95056.53344541423,513761.37463024765,454901.2845585649,115529.71378931263,100388.73502129444,58562.589221832044,499687.8892161196,509832.57376400806,403774.34130846895,546267.352072194,57416.231989757965,389648.2103256625,51787.78238859921,275557.1720583274,614705.1518612151,251600.47828875898,635597.2247016097,141726.81137239144,388370.27457213774,149811.39911082154,16011.089051886413,513326.2438012059,166605.46724508246,275555.6115013044,168938.6553445229,177753.04032258948,120948.73793238883,454213.1399451321,225010.65223855476,64984.21910071249,547249.3298165243,82705.04389321354,61452.021221327304,52461.182901999106,488286.0432511817,309162.14678557066,151912.69141700913,569375.2380863436,69423.39325784463,427772.6580557936,522154.6342316267,335039.55225402827,106467.6781598932,211864.48978973922,232035.10429713046,385250.2787907933,431738.14076625695,164369.93394361562,207921.8023060422,64055.06458686168,7721.108981517464
2013-01-01,155945.8154314534,463760.7859456307,527156.9514381248,614255.9358153905,27994.272393818494,144094.1670474604,11385.072982246813,398012.3423053328,197829.18313544578,83655.05155010206,93297.94763833308,94643.78413535563,563144.8373425651,462185.18365137454,119689.86301855397,104473.46410854171,56955.93688020573,496093.74289787974,538310.6325845439,419052.4034542888,613919.561638957,59049.72533421054,410912.1684077537,53022.7010493071,265737.11914853967,626461.5439701648,266737.3182295727,644460.1388078339,139790.8602916301,374978.83723036846,146984.42804761135,16321.873016347623,482756.5545699806,168468.29646986502,298601.5418901544,159928.7307782965,180971.07006872873,117237.75531719714,496553.6138647431,238144.70970959406,59285.22587111379,560076.0278079873,82075.15592899114,65488.896661305436,52202.591253657156,526448.1011292005,322464.90986088244,152326.1549957097,566779.7508068238,73711.50993979783,459990.75855425146,476951.0765918359,333972.1280514703,109127.86265168496,124081.05341501413,254417.96879445302,427334.572656745,433112.2711063335,169495.68471427966,186428.06303051705,58364.30005193601,8209.980732411299
2014-01-01,155313.12705341046,510071.35480134154,543201.4538252525,604175.5455021411,29375.269316668997,142347.5633659887,10310.28445915991,419013.71561856323,187747.05218011813,89124.90969143607,94971.83098097447,95248.13584856597,546366.3343990443,459878.18924956245,121658.4372685432,110141.72995467483,52590.85635752497,483703.946966014,552601.0817916617,433527.6508353785,621105.7877903861,57975.15564379118,420294.9594639902,55266.06787184306,269560.5943827902,634807.9799745518,281540.45130367397,651631.6799514396,133572.38795045426,365119.6344451941,138287.35208394486,16955.60886337812,516017.6624057082,176405.0380420813,260488.2328012544,154872.24615175673,186872.51953191432,111487.64139683281,487840.86961420055,251811.0788157899,55729.02239807154,571756.8288832026,82596.81284751526,69012.69785558179,52125.57072682148,546550.1595094752,335933.6669859094,154883.89540355548,579814.2282355718,79825.88989112074,450051.15832302783,503681.36302630417,330679.9271320162,109915.32998022412,110951.01627874047,295987.0428333647,415959.8367471054,432587.92497427366,169066.00405635516,129595.05333715174,55539.187096611015,7773.781655493923
2015-01-01,153068.00064633577,491049.3695029054,572802.3454419185,615212.750170611,31647.05161438282,139495.24882252506,9641.970351677825,436204.9552659594,212592.26806380315,92479.842713396,90982.3298500826,95365.55076773492,577171.3073805986,456598.32614032447,129876.51698803312,114258.47260255864,59600.88570107986,473449.5833802546,555769.9642472555,437058.484667386,600232.3129865449,62394.96514124181,419846.4546639513,56916.76248350759,266461.0128962971,635044.3479241004,269836.7093580864,664713.4508731184,129443.53147232995,363327.8636548362,147719.50718679462,17361.872333640124,540628.1421153265,186625.37502717273,265158.8757465562,153590.35846037712,190478.31049944236,116791.32925271164,485257.40996288066,244102.37405660402,50354.01516503015,570713.8755947351,81735.59347309802,72804.11508571019,53829.562071663844,530565.0982099592,349327.5771520874,149582.01727365862,570052.409107627,80683.67367265919,451621.0656065178,525705.2124550549,322747.34651831165,109874.61082536916,142959.99755040504,311648.75405247114,441906.249393763,432972.9694796746,176202.83547058466,125872.398658212,53172.95326528417,8128.090558727343
2016-01-01,151100.58307661125,493563.7871647698,587233.2295156823,630152.4999864092,33016.91020678871,137709.35422536996,10198.27541109143,441440.32303580776,216545.8290809052,98194.48130518704,90616.00300252692,95324.5488558061,562899.2489818367,481538.28824785043,135997.0212947282,121087.14324736968,59544.33012853048,484349.2994782979,567510.2750257951,439061.5161344157,569523.7746350485,63012.84665577737,437189.0614599244,59317.97450669077,263814.9883688584,701267.1273743274,274833.749085889,703734.7584209926,122572.62518325447,361488.1170590504,137034.24898108272,17815.12165347997,547997.913764744,197097.7951803098,281451.51385617757,153473.5100324747,189396.3510153413,119499.26310033,483102.1949122307,249557.10332433725,44421.35849195115,577888.2063022398,79977.75838890566,76723.15870353126,53029.69356574606,567884.1426370116,357494.09005954623,149201.2786641812,585859.7252646663,87359.6612157367,463846.61679673137,540021.9737849331,314726.41850036476,111225.05234656802,131598.34057410358,320585.92260462284,421869.2703856725,432891.29341304774,179995.3792928127,45341.949665641274,53897.4782719698,8367.337552288525
2017-01-01,155366.2491991171,459456.02267753833,578014.5276052763,618201.5041554642,35334.509921347555,137340.18006983193,10749.419921869727,428991.7874303151,232796.29078903186,104292.56514497439,90405.689732921,92611.8569207303,550796.1857223317,489577.9962928907,142554.49000613394,126650.75259836258,57811.742199253094,468650.2887946807,581304.263062893,438109.59838308685,569602.7261495616,60319.25557247101,437668.9179115916,62105.850280444945,265515.6380752564,713989.435487529,263217.05420044885,674710.8249538967,117956.09371339227,345796.7888906128,138373.25652566878,19466.30691799386,528519.0952826106,205174.32554281692,270830.61668799084,151316.0227798325,190911.37756695776,119516.2744187505,468997.8581526756,228714.45985322542,40237.8062436684,562031.8468755251,78620.50586548726,80556.68389850472,55681.39027139457,530798.01201999,375613.6353106699,148003.61813225376,570362.0103220977,89147.37709266906,466804.5321302299,550117.310020275,312744.8729180855,113922.73762667603,114895.73981180151,307548.5208206099,425093.6767597464,432787.72232714994,190768.3365246033,17146.331854026055,50833.92482868142,8595.143920409599
2018-01-01,156925.8698547711,456482.0839961552,575168.843474295,621707.3635700693,36281.85935721482,136205.25184614712,11309.272130603325,434906.73469830246,238618.46430283613,114006.63946535694,93074.02924438863,95961.26598768082,539426.8801180347,490791.1070277034,146002.3605644469,127722.56251862133,59277.360415322946,465147.6051647595,582427.2121145262,435960.56520505296,556576.8536939939,59605.20212306489,442128.17698179575,65617.18478974582,264491.0444121172,724184.505153094,268303.4109327663,671104.9623505512,117623.49322858691,341696.3552756244,140754.44685918148,19841.756816383473,519313.10503273935,210994.2014795288,272461.32841244654,156005.6438407626,189562.5917874065,122003.89690345935,464461.7445688408,233591.82468815442,40448.9979410394,565794.1888450703,78797.40701117885,82443.75876260104,59440.363533859294,522981.0038995759,387845.3299549178,147813.02349966567,568164.7966252994,96316.83149497694,469056.8518092099,556043.2432818162,317418.9651775865,115432.68442419003,118832.1883846217,321456.0123223445,426432.5509517178,434053.11575556936,192387.69130611437,17161.309124696112,53358.76019917485,8684.079327807474
2019-01-01,154199.92585117422,456067.1262026973,578014.7363116106,625526.2522175588,36886.98552352888,135242.64964605673,12079.154806887884,436689.28544996335,244178.95886580166,124513.23530291802,97552.37053055863,96263.80802297925,533179.1485785352,495860.41890747263,151327.99642242806,130448.32407394666,61054.42858656024,466366.2283986038,585210.7404188744,437682.24089535093,543210.9341094405,59494.59548119567,452549.32931461255,68529.29770379652,264263.08524483274,798762.7152826098,273807.69246507314,670739.8618571537,116230.74754959744,341313.8467854014,143871.9987590898,20140.091120886955,514244.52388208016,216905.0052221352,273520.68948925455,160253.02988334777,188344.18766001484,125230.01207167188,465665.9338076843,242236.09791285824,41030.5161046709,572646.393829457,80782.8036456404,84896.43121806764,62248.55380978324,526538.18622926,396881.14446493454,151098.38057267186,570348.2554839597,99770.62863516732,475920.4694511785,561785.0711667751,325158.97826086957,119308.31524690693,120933.78973497987,344827.1064324156,428912.17419424385,436258.15793726087,194281.45573847735,17254.070569649648,54370.70061225208,8694.976933171758
